{
    "schemaVersion": "2.0",
    "monologues": [
        {
            "speaker": { "id": "Teresa Mosqueda", "name": "" },
            "start": 4.46,
            "end": 18.32,
            "terms": [
                { "start": 4.46, "end": 18.32, "text": "", "type": "WORD" }
            ]
        },
        {
            "speaker": { "id": "Lisa Herbold", "name": "" },
            "start": 27.19,
            "end": 27.48,
            "terms": [
                { "start": 27.19, "end": 27.48, "text": "", "type": "WORD" }
            ]
        },
        {
            "speaker": { "id": "Dan Strauss", "name": "" },
            "start": 49.72,
            "end": 49.99,
            "terms": [
                { "start": 49.72, "end": 49.99, "text": "", "type": "WORD" }
            ]
        },
        {
            "speaker": { "id": "Tammy Morales", "name": "" },
            "start": 60.06,
            "end": 60.37,
            "terms": [
                { "start": 60.06, "end": 60.37, "text": "", "type": "WORD" }
            ]
        },
        {
            "speaker": { "id": "Teresa Mosqueda", "name": "" },
            "start": 70.4,
            "end": 261.74,
            "terms": [
                { "start": 70.4, "end": 261.74, "text": "", "type": "WORD" }
            ]
        },
        {
            "speaker": { "id": "Teresa Mosqueda", "name": "" },
            "start": 312.39,
            "end": 337.59,
            "terms": [
                { "start": 312.39, "end": 337.59, "text": "", "type": "WORD" }
            ]
        },
        {
            "speaker": { "id": "Teresa Mosqueda", "name": "" },
            "start": 428.67,
            "end": 481.13,
            "terms": [
                { "start": 428.67, "end": 481.13, "text": "", "type": "WORD" }
            ]
        },
        {
            "speaker": { "id": "Lisa Herbold", "name": "" },
            "start": 481.67,
            "end": 579.76,
            "terms": [
                { "start": 481.67, "end": 579.76, "text": "", "type": "WORD" }
            ]
        },
        {
            "speaker": { "id": "Teresa Mosqueda", "name": "" },
            "start": 580.83,
            "end": 815.09,
            "terms": [
                { "start": 580.83, "end": 815.09, "text": "", "type": "WORD" }
            ]
        },
        {
            "speaker": { "id": "Teresa Mosqueda", "name": "" },
            "start": 825.76,
            "end": 830.28,
            "terms": [
                { "start": 825.76, "end": 830.28, "text": "", "type": "WORD" }
            ]
        },
        {
            "speaker": { "id": "Teresa Mosqueda", "name": "" },
            "start": 835.8,
            "end": 838.11,
            "terms": [
                { "start": 835.8, "end": 838.11, "text": "", "type": "WORD" }
            ]
        },
        {
            "speaker": { "id": "Teresa Mosqueda", "name": "" },
            "start": 838.85,
            "end": 840.09,
            "terms": [
                { "start": 838.85, "end": 840.09, "text": "", "type": "WORD" }
            ]
        },
        {
            "speaker": { "id": "Teresa Mosqueda", "name": "" },
            "start": 852.2,
            "end": 879.24,
            "terms": [
                { "start": 852.2, "end": 879.24, "text": "", "type": "WORD" }
            ]
        },
        {
            "speaker": { "id": "Teresa Mosqueda", "name": "" },
            "start": 889.91,
            "end": 986.02,
            "terms": [
                { "start": 889.91, "end": 986.02, "text": "", "type": "WORD" }
            ]
        },
        {
            "speaker": { "id": "Teresa Mosqueda", "name": "" },
            "start": 1897.09,
            "end": 1902.5,
            "terms": [
                { "start": 1897.09, "end": 1902.5, "text": "", "type": "WORD" }
            ]
        },
        {
            "speaker": { "id": "Tammy Morales", "name": "" },
            "start": 1905.5,
            "end": 1962.3,
            "terms": [
                { "start": 1905.5, "end": 1962.3, "text": "", "type": "WORD" }
            ]
        },
        {
            "speaker": { "id": "Tammy Morales", "name": "" },
            "start": 1988.11,
            "end": 1989.33,
            "terms": [
                { "start": 1988.11, "end": 1989.33, "text": "", "type": "WORD" }
            ]
        },
        {
            "speaker": { "id": "Teresa Mosqueda", "name": "" },
            "start": 1995.52,
            "end": 1996.59,
            "terms": [
                { "start": 1995.52, "end": 1996.59, "text": "", "type": "WORD" }
            ]
        },
        {
            "speaker": { "id": "Teresa Mosqueda", "name": "" },
            "start": 1998.56,
            "end": 1999.5,
            "terms": [
                { "start": 1998.56, "end": 1999.5, "text": "", "type": "WORD" }
            ]
        },
        {
            "speaker": { "id": "Teresa Mosqueda", "name": "" },
            "start": 2686.19,
            "end": 2744.87,
            "terms": [
                { "start": 2686.19, "end": 2744.87, "text": "", "type": "WORD" }
            ]
        },
        {
            "speaker": { "id": "Lisa Herbold", "name": "" },
            "start": 2746.43,
            "end": 2799.15,
            "terms": [
                { "start": 2746.43, "end": 2799.15, "text": "", "type": "WORD" }
            ]
        },
        {
            "speaker": { "id": "Lisa Herbold", "name": "" },
            "start": 2812.63,
            "end": 2813.37,
            "terms": [
                { "start": 2812.63, "end": 2813.37, "text": "", "type": "WORD" }
            ]
        },
        {
            "speaker": { "id": "Teresa Mosqueda", "name": "" },
            "start": 2817.43,
            "end": 2819.72,
            "terms": [
                { "start": 2817.43, "end": 2819.72, "text": "", "type": "WORD" }
            ]
        },
        {
            "speaker": { "id": "Teresa Mosqueda", "name": "" },
            "start": 2822.52,
            "end": 2917.11,
            "terms": [
                { "start": 2822.52, "end": 2917.11, "text": "", "type": "WORD" }
            ]
        },
        {
            "speaker": { "id": "Teresa Mosqueda", "name": "" },
            "start": 3081.35,
            "end": 3196.89,
            "terms": [
                { "start": 3081.35, "end": 3196.89, "text": "", "type": "WORD" }
            ]
        },
        {
            "speaker": { "id": "Teresa Mosqueda", "name": "" },
            "start": 3198.46,
            "end": 3204.83,
            "terms": [
                { "start": 3198.46, "end": 3204.83, "text": "", "type": "WORD" }
            ]
        },
        {
            "speaker": { "id": "Teresa Mosqueda", "name": "" },
            "start": 3207.24,
            "end": 3211.11,
            "terms": [
                { "start": 3207.24, "end": 3211.11, "text": "", "type": "WORD" }
            ]
        },
        {
            "speaker": { "id": "Teresa Mosqueda", "name": "" },
            "start": 3232.61,
            "end": 3242.06,
            "terms": [
                { "start": 3232.61, "end": 3242.06, "text": "", "type": "WORD" }
            ]
        },
        {
            "speaker": { "id": "Teresa Mosqueda", "name": "" },
            "start": 3244.13,
            "end": 3252.13,
            "terms": [
                { "start": 3244.13, "end": 3252.13, "text": "", "type": "WORD" }
            ]
        },
        {
            "speaker": { "id": "Teresa Mosqueda", "name": "" },
            "start": 3255.35,
            "end": 3373.54,
            "terms": [
                { "start": 3255.35, "end": 3373.54, "text": "", "type": "WORD" }
            ]
        },
        {
            "speaker": { "id": "Teresa Mosqueda", "name": "" },
            "start": 3704.87,
            "end": 3843.19,
            "terms": [
                { "start": 3704.87, "end": 3843.19, "text": "", "type": "WORD" }
            ]
        },
        {
            "speaker": { "id": "Teresa Mosqueda", "name": "" },
            "start": 3845.54,
            "end": 3853.54,
            "terms": [
                { "start": 3845.54, "end": 3853.54, "text": "", "type": "WORD" }
            ]
        },
        {
            "speaker": { "id": "Lisa Herbold", "name": "" },
            "start": 3854.35,
            "end": 3854.74,
            "terms": [
                { "start": 3854.35, "end": 3854.74, "text": "", "type": "WORD" }
            ]
        },
        {
            "speaker": { "id": "Teresa Mosqueda", "name": "" },
            "start": 3855.35,
            "end": 3875.46,
            "terms": [
                { "start": 3855.35, "end": 3875.46, "text": "", "type": "WORD" }
            ]
        },
        {
            "speaker": { "id": "Teresa Mosqueda", "name": "" },
            "start": 3877.11,
            "end": 3882.89,
            "terms": [
                { "start": 3877.11, "end": 3882.89, "text": "", "type": "WORD" }
            ]
        },
        {
            "speaker": { "id": "Teresa Mosqueda", "name": "" },
            "start": 3884.56,
            "end": 3931.35,
            "terms": [
                { "start": 3884.56, "end": 3931.35, "text": "", "type": "WORD" }
            ]
        },
        {
            "speaker": { "id": "Teresa Mosqueda", "name": "" },
            "start": 4032.91,
            "end": 4033.67,
            "terms": [
                { "start": 4032.91, "end": 4033.67, "text": "", "type": "WORD" }
            ]
        },
        {
            "speaker": { "id": "Tammy Morales", "name": "" },
            "start": 4034.35,
            "end": 4163.19,
            "terms": [
                { "start": 4034.35, "end": 4163.19, "text": "", "type": "WORD" }
            ]
        },
        {
            "speaker": { "id": "Teresa Mosqueda", "name": "" },
            "start": 4163.54,
            "end": 4223.54,
            "terms": [
                { "start": 4163.54, "end": 4223.54, "text": "", "type": "WORD" }
            ]
        },
        {
            "speaker": { "id": "Lisa Herbold", "name": "" },
            "start": 4226.59,
            "end": 4227.06,
            "terms": [
                { "start": 4226.59, "end": 4227.06, "text": "", "type": "WORD" }
            ]
        },
        {
            "speaker": { "id": "Andrew Lewis", "name": "" },
            "start": 4233.89,
            "end": 4234.3,
            "terms": [
                { "start": 4233.89, "end": 4234.3, "text": "", "type": "WORD" }
            ]
        },
        {
            "speaker": { "id": "Dan Strauss", "name": "" },
            "start": 4236.89,
            "end": 4237.37,
            "terms": [
                { "start": 4236.89, "end": 4237.37, "text": "", "type": "WORD" }
            ]
        },
        {
            "speaker": { "id": "Teresa Mosqueda", "name": "" },
            "start": 4239.46,
            "end": 4239.89,
            "terms": [
                { "start": 4239.46, "end": 4239.89, "text": "", "type": "WORD" }
            ]
        },
        {
            "speaker": { "id": "Teresa Mosqueda", "name": "" },
            "start": 4243.8,
            "end": 4253.26,
            "terms": [
                { "start": 4243.8, "end": 4253.26, "text": "", "type": "WORD" }
            ]
        },
        {
            "speaker": { "id": "Teresa Mosqueda", "name": "" },
            "start": 4255.5,
            "end": 4258.65,
            "terms": [
                { "start": 4255.5, "end": 4258.65, "text": "", "type": "WORD" }
            ]
        },
        {
            "speaker": { "id": "Lisa Herbold", "name": "" },
            "start": 4259.11,
            "end": 4301.61,
            "terms": [
                { "start": 4259.11, "end": 4301.61, "text": "", "type": "WORD" }
            ]
        },
        {
            "speaker": { "id": "Teresa Mosqueda", "name": "" },
            "start": 4304.35,
            "end": 4334.87,
            "terms": [
                { "start": 4304.35, "end": 4334.87, "text": "", "type": "WORD" }
            ]
        },
        {
            "speaker": { "id": "Teresa Mosqueda", "name": "" },
            "start": 4393.15,
            "end": 4404.09,
            "terms": [
                { "start": 4393.15, "end": 4404.09, "text": "", "type": "WORD" }
            ]
        },
        {
            "speaker": { "id": "Lisa Herbold", "name": "" },
            "start": 4406.93,
            "end": 4407.76,
            "terms": [
                { "start": 4406.93, "end": 4407.76, "text": "", "type": "WORD" }
            ]
        },
        {
            "speaker": { "id": "Andrew Lewis", "name": "" },
            "start": 4414.72,
            "end": 4415.09,
            "terms": [
                { "start": 4414.72, "end": 4415.09, "text": "", "type": "WORD" }
            ]
        },
        {
            "speaker": { "id": "Dan Strauss", "name": "" },
            "start": 4417.35,
            "end": 4417.76,
            "terms": [
                { "start": 4417.35, "end": 4417.76, "text": "", "type": "WORD" }
            ]
        },
        {
            "speaker": { "id": "Teresa Mosqueda", "name": "" },
            "start": 4420.74,
            "end": 4421.26,
            "terms": [
                { "start": 4420.74, "end": 4421.26, "text": "", "type": "WORD" }
            ]
        },
        {
            "speaker": { "id": "Teresa Mosqueda", "name": "" },
            "start": 4424.98,
            "end": 4447.61,
            "terms": [
                { "start": 4424.98, "end": 4447.61, "text": "", "type": "WORD" }
            ]
        },
        {
            "speaker": { "id": "Teresa Mosqueda", "name": "" },
            "start": 4448.41,
            "end": 4451.74,
            "terms": [
                { "start": 4448.41, "end": 4451.74, "text": "", "type": "WORD" }
            ]
        },
        {
            "speaker": { "id": "Teresa Mosqueda", "name": "" },
            "start": 4458.76,
            "end": 4517.54,
            "terms": [
                { "start": 4458.76, "end": 4517.54, "text": "", "type": "WORD" }
            ]
        },
        {
            "speaker": { "id": "Teresa Mosqueda", "name": "" },
            "start": 4594.91,
            "end": 4600,
            "terms": [
                { "start": 4594.91, "end": 4600, "text": "", "type": "WORD" }
            ]
        },
        {
            "speaker": { "id": "Teresa Mosqueda", "name": "" },
            "start": 4629.17,
            "end": 4631.59,
            "terms": [
                { "start": 4629.17, "end": 4631.59, "text": "", "type": "WORD" }
            ]
        },
        {
            "speaker": { "id": "Teresa Mosqueda", "name": "" },
            "start": 4636.39,
            "end": 4640.52,
            "terms": [
                { "start": 4636.39, "end": 4640.52, "text": "", "type": "WORD" }
            ]
        },
        {
            "speaker": { "id": "Teresa Mosqueda", "name": "" },
            "start": 4945.39,
            "end": 5092.39,
            "terms": [
                { "start": 4945.39, "end": 5092.39, "text": "", "type": "WORD" }
            ]
        },
        {
            "speaker": { "id": "Teresa Mosqueda", "name": "" },
            "start": 5187.61,
            "end": 5189.06,
            "terms": [
                { "start": 5187.61, "end": 5189.06, "text": "", "type": "WORD" }
            ]
        },
        {
            "speaker": { "id": "Teresa Mosqueda", "name": "" },
            "start": 5190.15,
            "end": 5221.26,
            "terms": [
                { "start": 5190.15, "end": 5221.26, "text": "", "type": "WORD" }
            ]
        },
        {
            "speaker": { "id": "Teresa Mosqueda", "name": "" },
            "start": 5222.32,
            "end": 5224.06,
            "terms": [
                { "start": 5222.32, "end": 5224.06, "text": "", "type": "WORD" }
            ]
        },
        {
            "speaker": { "id": "Teresa Mosqueda", "name": "" },
            "start": 5226.39,
            "end": 5232.61,
            "terms": [
                { "start": 5226.39, "end": 5232.61, "text": "", "type": "WORD" }
            ]
        },
        {
            "speaker": { "id": "Teresa Mosqueda", "name": "" },
            "start": 5238.8,
            "end": 5240.28,
            "terms": [
                { "start": 5238.8, "end": 5240.28, "text": "", "type": "WORD" }
            ]
        },
        {
            "speaker": { "id": "Teresa Mosqueda", "name": "" },
            "start": 5241.04,
            "end": 5252.56,
            "terms": [
                { "start": 5241.04, "end": 5252.56, "text": "", "type": "WORD" }
            ]
        },
        {
            "speaker": { "id": "Teresa Mosqueda", "name": "" },
            "start": 5255.48,
            "end": 5256.69,
            "terms": [
                { "start": 5255.48, "end": 5256.69, "text": "", "type": "WORD" }
            ]
        },
        {
            "speaker": { "id": "Teresa Mosqueda", "name": "" },
            "start": 5258.65,
            "end": 5311.09,
            "terms": [
                { "start": 5258.65, "end": 5311.09, "text": "", "type": "WORD" }
            ]
        },
        {
            "speaker": { "id": "Teresa Mosqueda", "name": "" },
            "start": 5896.48,
            "end": 5902.06,
            "terms": [
                { "start": 5896.48, "end": 5902.06, "text": "", "type": "WORD" }
            ]
        },
        {
            "speaker": { "id": "Teresa Mosqueda", "name": "" },
            "start": 5905.17,
            "end": 5930.3,
            "terms": [
                { "start": 5905.17, "end": 5930.3, "text": "", "type": "WORD" }
            ]
        },
        {
            "speaker": { "id": "Teresa Mosqueda", "name": "" },
            "start": 5948.04,
            "end": 5948.87,
            "terms": [
                { "start": 5948.04, "end": 5948.87, "text": "", "type": "WORD" }
            ]
        },
        {
            "speaker": { "id": "Lisa Herbold", "name": "" },
            "start": 5949.95,
            "end": 5959.41,
            "terms": [
                { "start": 5949.95, "end": 5959.41, "text": "", "type": "WORD" }
            ]
        },
        {
            "speaker": { "id": "Lisa Herbold", "name": "" },
            "start": 5960.41,
            "end": 5989,
            "terms": [
                { "start": 5960.41, "end": 5989, "text": "", "type": "WORD" }
            ]
        },
        {
            "speaker": { "id": "Lisa Herbold", "name": "" },
            "start": 6014.87,
            "end": 6017.54,
            "terms": [
                { "start": 6014.87, "end": 6017.54, "text": "", "type": "WORD" }
            ]
        },
        {
            "speaker": { "id": "Lisa Herbold", "name": "" },
            "start": 6018.95,
            "end": 6033.89,
            "terms": [
                { "start": 6018.95, "end": 6033.89, "text": "", "type": "WORD" }
            ]
        },
        {
            "speaker": { "id": "Teresa Mosqueda", "name": "" },
            "start": 6235,
            "end": 6255.11,
            "terms": [
                { "start": 6235, "end": 6255.11, "text": "", "type": "WORD" }
            ]
        },
        {
            "speaker": { "id": "Teresa Mosqueda", "name": "" },
            "start": 6256.78,
            "end": 6257.54,
            "terms": [
                { "start": 6256.78, "end": 6257.54, "text": "", "type": "WORD" }
            ]
        },
        {
            "speaker": { "id": "Teresa Mosqueda", "name": "" },
            "start": 6259.8,
            "end": 6280.95,
            "terms": [
                { "start": 6259.8, "end": 6280.95, "text": "", "type": "WORD" }
            ]
        },
        {
            "speaker": { "id": "Teresa Mosqueda", "name": "" },
            "start": 6283.19,
            "end": 6285.04,
            "terms": [
                { "start": 6283.19, "end": 6285.04, "text": "", "type": "WORD" }
            ]
        },
        {
            "speaker": { "id": "Teresa Mosqueda", "name": "" },
            "start": 6295.15,
            "end": 6296.02,
            "terms": [
                { "start": 6295.15, "end": 6296.02, "text": "", "type": "WORD" }
            ]
        },
        {
            "speaker": { "id": "Teresa Mosqueda", "name": "" },
            "start": 6298.17,
            "end": 6299.37,
            "terms": [
                { "start": 6298.17, "end": 6299.37, "text": "", "type": "WORD" }
            ]
        },
        {
            "speaker": { "id": "Teresa Mosqueda", "name": "" },
            "start": 6329.5,
            "end": 6331.59,
            "terms": [
                { "start": 6329.5, "end": 6331.59, "text": "", "type": "WORD" }
            ]
        },
        {
            "speaker": { "id": "Teresa Mosqueda", "name": "" },
            "start": 6387.61,
            "end": 6400.91,
            "terms": [
                { "start": 6387.61, "end": 6400.91, "text": "", "type": "WORD" }
            ]
        },
        {
            "speaker": { "id": "Teresa Mosqueda", "name": "" },
            "start": 6402.26,
            "end": 6458.54,
            "terms": [
                { "start": 6402.26, "end": 6458.54, "text": "", "type": "WORD" }
            ]
        },
        {
            "speaker": { "id": "Teresa Mosqueda", "name": "" },
            "start": 6460.43,
            "end": 6464.48,
            "terms": [
                { "start": 6460.43, "end": 6464.48, "text": "", "type": "WORD" }
            ]
        },
        {
            "speaker": { "id": "Teresa Mosqueda", "name": "" },
            "start": 6467.43,
            "end": 6495.78,
            "terms": [
                { "start": 6467.43, "end": 6495.78, "text": "", "type": "WORD" }
            ]
        },
        {
            "speaker": { "id": "Teresa Mosqueda", "name": "" },
            "start": 6496.72,
            "end": 6508.95,
            "terms": [
                { "start": 6496.72, "end": 6508.95, "text": "", "type": "WORD" }
            ]
        },
        {
            "speaker": { "id": "Teresa Mosqueda", "name": "" },
            "start": 6597.5,
            "end": 6610.8,
            "terms": [
                { "start": 6597.5, "end": 6610.8, "text": "", "type": "WORD" }
            ]
        },
        {
            "speaker": { "id": "Teresa Mosqueda", "name": "" },
            "start": 6617.5,
            "end": 6621.15,
            "terms": [
                { "start": 6617.5, "end": 6621.15, "text": "", "type": "WORD" }
            ]
        },
        {
            "speaker": { "id": "Teresa Mosqueda", "name": "" },
            "start": 6759.15,
            "end": 6759.93,
            "terms": [
                { "start": 6759.15, "end": 6759.93, "text": "", "type": "WORD" }
            ]
        },
        {
            "speaker": { "id": "Lisa Herbold", "name": "" },
            "start": 6760.74,
            "end": 6816.17,
            "terms": [
                { "start": 6760.74, "end": 6816.17, "text": "", "type": "WORD" }
            ]
        },
        {
            "speaker": { "id": "Teresa Mosqueda", "name": "" },
            "start": 6857.39,
            "end": 6861.52,
            "terms": [
                { "start": 6857.39, "end": 6861.52, "text": "", "type": "WORD" }
            ]
        },
        {
            "speaker": { "id": "Teresa Mosqueda", "name": "" },
            "start": 6863.15,
            "end": 6870.58,
            "terms": [
                { "start": 6863.15, "end": 6870.58, "text": "", "type": "WORD" }
            ]
        },
        {
            "speaker": { "id": "Teresa Mosqueda", "name": "" },
            "start": 6872.22,
            "end": 6969.78,
            "terms": [
                { "start": 6872.22, "end": 6969.78, "text": "", "type": "WORD" }
            ]
        },
        {
            "speaker": { "id": "Teresa Mosqueda", "name": "" },
            "start": 6971,
            "end": 6972.56,
            "terms": [
                { "start": 6971, "end": 6972.56, "text": "", "type": "WORD" }
            ]
        },
        {
            "speaker": { "id": "Teresa Mosqueda", "name": "" },
            "start": 6993.72,
            "end": 6996.48,
            "terms": [
                { "start": 6993.72, "end": 6996.48, "text": "", "type": "WORD" }
            ]
        },
        {
            "speaker": { "id": "Teresa Mosqueda", "name": "" },
            "start": 6998.04,
            "end": 7053.22,
            "terms": [
                { "start": 6998.04, "end": 7053.22, "text": "", "type": "WORD" }
            ]
        }
    ]
}
