{"schemaVersion": "2.0", "monologues": [{"speaker": {"id": "Pedersen", "name": ""}, "start": 6.93, "end": 17.37, "terms": [{"start": 6.93, "end": 17.37, "text": "", "confidence": 1, "type": "WORD"}]}, {"speaker": {"id": "Gonzalez", "name": ""}, "start": 21.15, "end": 21.65, "terms": [{"start": 21.15, "end": 21.65, "text": "", "confidence": 1, "type": "WORD"}]}, {"speaker": {"id": "Herbold", "name": ""}, "start": 24.33, "end": 24.76, "terms": [{"start": 24.33, "end": 24.76, "text": "", "confidence": 1, "type": "WORD"}]}, {"speaker": {"id": "Morales", "name": ""}, "start": 27.91, "end": 28.2, "terms": [{"start": 27.91, "end": 28.2, "text": "", "confidence": 1, "type": "WORD"}]}, {"speaker": {"id": "Strauss", "name": ""}, "start": 30.74, "end": 31.16, "terms": [{"start": 30.74, "end": 31.16, "text": "", "confidence": 1, "type": "WORD"}]}, {"speaker": {"id": "Pedersen", "name": ""}, "start": 33.37, "end": 33.78, "terms": [{"start": 33.37, "end": 33.78, "text": "", "confidence": 1, "type": "WORD"}]}, {"speaker": {"id": "Pedersen", "name": ""}, "start": 36.61, "end": 37.07, "terms": [{"start": 36.61, "end": 37.07, "text": "", "confidence": 1, "type": "WORD"}]}, {"speaker": {"id": "Pedersen", "name": ""}, "start": 38.22, "end": 50.91, "terms": [{"start": 38.22, "end": 50.91, "text": "", "confidence": 1, "type": "WORD"}]}, {"speaker": {"id": "Pedersen", "name": ""}, "start": 51.61, "end": 54, "terms": [{"start": 51.61, "end": 54, "text": "", "confidence": 1, "type": "WORD"}]}, {"speaker": {"id": "Pedersen", "name": ""}, "start": 55.13, "end": 57.04, "terms": [{"start": 55.13, "end": 57.04, "text": "", "confidence": 1, "type": "WORD"}]}, {"speaker": {"id": "Pedersen", "name": ""}, "start": 58.74, "end": 63.48, "terms": [{"start": 58.74, "end": 63.48, "text": "", "confidence": 1, "type": "WORD"}]}, {"speaker": {"id": "Pedersen", "name": ""}, "start": 66.61, "end": 70.43, "terms": [{"start": 66.61, "end": 70.43, "text": "", "confidence": 1, "type": "WORD"}]}, {"speaker": {"id": "Pedersen", "name": ""}, "start": 71.96, "end": 74.78, "terms": [{"start": 71.96, "end": 74.78, "text": "", "confidence": 1, "type": "WORD"}]}, {"speaker": {"id": "Pedersen", "name": ""}, "start": 76.17, "end": 77.83, "terms": [{"start": 76.17, "end": 77.83, "text": "", "confidence": 1, "type": "WORD"}]}, {"speaker": {"id": "Pedersen", "name": ""}, "start": 78.96, "end": 99.61, "terms": [{"start": 78.96, "end": 99.61, "text": "", "confidence": 1, "type": "WORD"}]}, {"speaker": {"id": "Pedersen", "name": ""}, "start": 100.52, "end": 105.61, "terms": [{"start": 100.52, "end": 105.61, "text": "", "confidence": 1, "type": "WORD"}]}, {"speaker": {"id": "Pedersen", "name": ""}, "start": 106.04, "end": 111.04, "terms": [{"start": 106.04, "end": 111.04, "text": "", "confidence": 1, "type": "WORD"}]}, {"speaker": {"id": "Pedersen", "name": ""}, "start": 111.61, "end": 118.39, "terms": [{"start": 111.61, "end": 118.39, "text": "", "confidence": 1, "type": "WORD"}]}, {"speaker": {"id": "Pedersen", "name": ""}, "start": 119, "end": 123.09, "terms": [{"start": 119, "end": 123.09, "text": "", "confidence": 1, "type": "WORD"}]}, {"speaker": {"id": "Pedersen", "name": ""}, "start": 124.17, "end": 125.93, "terms": [{"start": 124.17, "end": 125.93, "text": "", "type": "WORD"}]}, {"speaker": {"id": "Pedersen", "name": ""}, "start": 126.21, "end": 127.12, "terms": [{"start": 126.21, "end": 127.12, "text": "", "type": "WORD"}]}, {"speaker": {"id": "Pedersen", "name": ""}, "start": 127.36, "end": 129.26, "terms": [{"start": 127.36, "end": 129.26, "text": "", "type": "WORD"}]}, {"speaker": {"id": "Pedersen", "name": ""}, "start": 129.42, "end": 130.4, "terms": [{"start": 129.42, "end": 130.4, "text": "", "type": "WORD"}]}, {"speaker": {"id": "Pedersen", "name": ""}, "start": 130.86, "end": 131.6, "terms": [{"start": 130.86, "end": 131.6, "text": "", "type": "WORD"}]}, {"speaker": {"id": "Pedersen", "name": ""}, "start": 131.91, "end": 134.28, "terms": [{"start": 131.91, "end": 134.28, "text": "", "type": "WORD"}]}, {"speaker": {"id": "Pedersen", "name": ""}, "start": 134.44, "end": 135.87, "terms": [{"start": 134.44, "end": 135.87, "text": "", "type": "WORD"}]}, {"speaker": {"id": "Pedersen", "name": ""}, "start": 136.05, "end": 138.23, "terms": [{"start": 136.05, "end": 138.23, "text": "", "type": "WORD"}]}, {"speaker": {"id": "Pedersen", "name": ""}, "start": 138.92, "end": 142.35, "terms": [{"start": 138.92, "end": 142.35, "text": "", "type": "WORD"}]}, {"speaker": {"id": "Pedersen", "name": ""}, "start": 142.51, "end": 143.83, "terms": [{"start": 142.51, "end": 143.83, "text": "", "type": "WORD"}]}, {"speaker": {"id": "Pedersen", "name": ""}, "start": 144.37, "end": 151.29, "terms": [{"start": 144.37, "end": 151.29, "text": "", "type": "WORD"}]}, {"speaker": {"id": "Pedersen", "name": ""}, "start": 151.77, "end": 157.24, "terms": [{"start": 151.77, "end": 157.24, "text": "", "type": "WORD"}]}, {"speaker": {"id": "Pedersen", "name": ""}, "start": 158.24, "end": 160.73, "terms": [{"start": 158.24, "end": 160.73, "text": "", "type": "WORD"}]}, {"speaker": {"id": "Pedersen", "name": ""}, "start": 161.45, "end": 163.36, "terms": [{"start": 161.45, "end": 163.36, "text": "", "type": "WORD"}]}, {"speaker": {"id": "Pedersen", "name": ""}, "start": 163.76, "end": 166.26, "terms": [{"start": 163.76, "end": 166.26, "text": "", "type": "WORD"}]}, {"speaker": {"id": "Pedersen", "name": ""}, "start": 166.59, "end": 168.79, "terms": [{"start": 166.59, "end": 168.79, "text": "", "type": "WORD"}]}, {"speaker": {"id": "Pedersen", "name": ""}, "start": 169.5, "end": 170.49, "terms": [{"start": 169.5, "end": 170.49, "text": "", "type": "WORD"}]}, {"speaker": {"id": "Pedersen", "name": ""}, "start": 170.82, "end": 174.69, "terms": [{"start": 170.82, "end": 174.69, "text": "", "type": "WORD"}]}, {"speaker": {"id": "Pedersen", "name": ""}, "start": 174.96, "end": 176.27, "terms": [{"start": 174.96, "end": 176.27, "text": "", "type": "WORD"}]}, {"speaker": {"id": "Pedersen", "name": ""}, "start": 176.76, "end": 180.65, "terms": [{"start": 176.76, "end": 180.65, "text": "", "type": "WORD"}]}, {"speaker": {"id": "Pedersen", "name": ""}, "start": 180.94, "end": 184.2, "terms": [{"start": 180.94, "end": 184.2, "text": "", "type": "WORD"}]}, {"speaker": {"id": "Pedersen", "name": ""}, "start": 184.74, "end": 188.56, "terms": [{"start": 184.74, "end": 188.56, "text": "", "type": "WORD"}]}, {"speaker": {"id": "Pedersen", "name": ""}, "start": 189.54, "end": 192.78, "terms": [{"start": 189.54, "end": 192.78, "text": "", "type": "WORD"}]}, {"speaker": {"id": "Pedersen", "name": ""}, "start": 193.2, "end": 200.29, "terms": [{"start": 193.2, "end": 200.29, "text": "", "type": "WORD"}]}, {"speaker": {"id": "Pedersen", "name": ""}, "start": 200.73, "end": 202.94, "terms": [{"start": 200.73, "end": 202.94, "text": "", "type": "WORD"}]}, {"speaker": {"id": "Pedersen", "name": ""}, "start": 203.41, "end": 205.38, "terms": [{"start": 203.41, "end": 205.38, "text": "", "type": "WORD"}]}, {"speaker": {"id": "Pedersen", "name": ""}, "start": 205.79, "end": 206.73, "terms": [{"start": 205.79, "end": 206.73, "text": "", "type": "WORD"}]}, {"speaker": {"id": "Pedersen", "name": ""}, "start": 207.35, "end": 210.99, "terms": [{"start": 207.35, "end": 210.99, "text": "", "type": "WORD"}]}, {"speaker": {"id": "Pedersen", "name": ""}, "start": 211.55, "end": 212.79, "terms": [{"start": 211.55, "end": 212.79, "text": "", "type": "WORD"}]}, {"speaker": {"id": "Pedersen", "name": ""}, "start": 213.95, "end": 215.68, "terms": [{"start": 213.95, "end": 215.68, "text": "", "type": "WORD"}]}, {"speaker": {"id": "Pedersen", "name": ""}, "start": 216.45, "end": 227.44, "terms": [{"start": 216.45, "end": 227.44, "text": "", "type": "WORD"}]}, {"speaker": {"id": "Pedersen", "name": ""}, "start": 228.08, "end": 233.76, "terms": [{"start": 228.08, "end": 233.76, "text": "", "type": "WORD"}]}, {"speaker": {"id": "Pedersen", "name": ""}, "start": 234.4, "end": 238.16, "terms": [{"start": 234.4, "end": 238.16, "text": "", "type": "WORD"}]}, {"speaker": {"id": "Pedersen", "name": ""}, "start": 238.77, "end": 240.6, "terms": [{"start": 238.77, "end": 240.6, "text": "", "type": "WORD"}]}, {"speaker": {"id": "Pedersen", "name": ""}, "start": 241.18, "end": 241.49, "terms": [{"start": 241.18, "end": 241.49, "text": "", "type": "WORD"}]}, {"speaker": {"id": "Pedersen", "name": ""}, "start": 242.19, "end": 247.21, "terms": [{"start": 242.19, "end": 247.21, "text": "", "type": "WORD"}]}, {"speaker": {"id": "Pedersen", "name": ""}, "start": 248.38, "end": 248.98, "terms": [{"start": 248.38, "end": 248.98, "text": "", "type": "WORD"}]}, {"speaker": {"id": "Pedersen", "name": ""}, "start": 249.32, "end": 250.45, "terms": [{"start": 249.32, "end": 250.45, "text": "", "type": "WORD"}]}, {"speaker": {"id": "Pedersen", "name": ""}, "start": 250.89, "end": 256.6, "terms": [{"start": 250.89, "end": 256.6, "text": "", "type": "WORD"}]}, {"speaker": {"id": "Pedersen", "name": ""}, "start": 257.79, "end": 261.66, "terms": [{"start": 257.79, "end": 261.66, "text": "", "type": "WORD"}]}, {"speaker": {"id": "Pedersen", "name": ""}, "start": 262.13, "end": 266.06, "terms": [{"start": 262.13, "end": 266.06, "text": "", "type": "WORD"}]}, {"speaker": {"id": "Pedersen", "name": ""}, "start": 266.53, "end": 267.41, "terms": [{"start": 266.53, "end": 267.41, "text": "", "type": "WORD"}]}, {"speaker": {"id": "Pedersen", "name": ""}, "start": 268.38, "end": 271.68, "terms": [{"start": 268.38, "end": 271.68, "text": "", "type": "WORD"}]}, {"speaker": {"id": "Pedersen", "name": ""}, "start": 272.14, "end": 272.75, "terms": [{"start": 272.14, "end": 272.75, "text": "", "type": "WORD"}]}, {"speaker": {"id": "Pedersen", "name": ""}, "start": 417.98, "end": 422.69, "terms": [{"start": 417.98, "end": 422.69, "text": "", "type": "WORD"}]}, {"speaker": {"id": "Pedersen", "name": ""}, "start": 423.26, "end": 425.03, "terms": [{"start": 423.26, "end": 425.03, "text": "", "type": "WORD"}]}, {"speaker": {"id": "Pedersen", "name": ""}, "start": 425.46, "end": 432.28, "terms": [{"start": 425.46, "end": 432.28, "text": "", "type": "WORD"}]}, {"speaker": {"id": "Pedersen", "name": ""}, "start": 434.51, "end": 438.1, "terms": [{"start": 434.51, "end": 438.1, "text": "", "type": "WORD"}]}, {"speaker": {"id": "Pedersen", "name": ""}, "start": 440.15, "end": 440.61, "terms": [{"start": 440.15, "end": 440.61, "text": "", "type": "WORD"}]}, {"speaker": {"id": "Pedersen", "name": ""}, "start": 441.13, "end": 442.29, "terms": [{"start": 441.13, "end": 442.29, "text": "", "type": "WORD"}]}, {"speaker": {"id": "Pedersen", "name": ""}, "start": 444.42, "end": 444.93, "terms": [{"start": 444.42, "end": 444.93, "text": "", "type": "WORD"}]}, {"speaker": {"id": "Pedersen", "name": ""}, "start": 446, "end": 456.29, "terms": [{"start": 446, "end": 456.29, "text": "", "type": "WORD"}]}, {"speaker": {"id": "Pedersen", "name": ""}, "start": 482.87, "end": 490.45, "terms": [{"start": 482.87, "end": 490.45, "text": "", "type": "WORD"}]}, {"speaker": {"id": "Pedersen", "name": ""}, "start": 490.88, "end": 492.36, "terms": [{"start": 490.88, "end": 492.36, "text": "", "type": "WORD"}]}, {"speaker": {"id": "Pedersen", "name": ""}, "start": 493.25, "end": 500.06, "terms": [{"start": 493.25, "end": 500.06, "text": "", "type": "WORD"}]}, {"speaker": {"id": "Pedersen", "name": ""}, "start": 500.52, "end": 502.87, "terms": [{"start": 500.52, "end": 502.87, "text": "", "type": "WORD"}]}, {"speaker": {"id": "Pedersen", "name": ""}, "start": 503.54, "end": 504.31, "terms": [{"start": 503.54, "end": 504.31, "text": "", "type": "WORD"}]}, {"speaker": {"id": "Pedersen", "name": ""}, "start": 595.43, "end": 598.94, "terms": [{"start": 595.43, "end": 598.94, "text": "", "type": "WORD"}]}, {"speaker": {"id": "Pedersen", "name": ""}, "start": 601.13, "end": 601.76, "terms": [{"start": 601.13, "end": 601.76, "text": "", "type": "WORD"}]}, {"speaker": {"id": "Pedersen", "name": ""}, "start": 686.37, "end": 692.84, "terms": [{"start": 686.37, "end": 692.84, "text": "", "type": "WORD"}]}, {"speaker": {"id": "Pedersen", "name": ""}, "start": 693.57, "end": 695.1, "terms": [{"start": 693.57, "end": 695.1, "text": "", "type": "WORD"}]}, {"speaker": {"id": "Pedersen", "name": ""}, "start": 695.58, "end": 697.52, "terms": [{"start": 695.58, "end": 697.52, "text": "", "type": "WORD"}]}, {"speaker": {"id": "Pedersen", "name": ""}, "start": 698.46, "end": 699.14, "terms": [{"start": 698.46, "end": 699.14, "text": "", "type": "WORD"}]}, {"speaker": {"id": "Pedersen", "name": ""}, "start": 702.35, "end": 706.89, "terms": [{"start": 702.35, "end": 706.89, "text": "", "type": "WORD"}]}, {"speaker": {"id": "Pedersen", "name": ""}, "start": 707.41, "end": 707.83, "terms": [{"start": 707.41, "end": 707.83, "text": "", "type": "WORD"}]}, {"speaker": {"id": "Pedersen", "name": ""}, "start": 708.24, "end": 709.67, "terms": [{"start": 708.24, "end": 709.67, "text": "", "type": "WORD"}]}, {"speaker": {"id": "Pedersen", "name": ""}, "start": 710.31, "end": 711.48, "terms": [{"start": 710.31, "end": 711.48, "text": "", "type": "WORD"}]}, {"speaker": {"id": "Pedersen", "name": ""}, "start": 711.88, "end": 712.22, "terms": [{"start": 711.88, "end": 712.22, "text": "", "type": "WORD"}]}, {"speaker": {"id": "Pedersen", "name": ""}, "start": 712.39, "end": 717.71, "terms": [{"start": 712.39, "end": 717.71, "text": "", "type": "WORD"}]}, {"speaker": {"id": "Pedersen", "name": ""}, "start": 718.08, "end": 722.41, "terms": [{"start": 718.08, "end": 722.41, "text": "", "type": "WORD"}]}, {"speaker": {"id": "Pedersen", "name": ""}, "start": 723.05, "end": 723.49, "terms": [{"start": 723.05, "end": 723.49, "text": "", "type": "WORD"}]}, {"speaker": {"id": "Pedersen", "name": ""}, "start": 724.25, "end": 724.49, "terms": [{"start": 724.25, "end": 724.49, "text": "", "type": "WORD"}]}, {"speaker": {"id": "Pedersen", "name": ""}, "start": 724.96, "end": 727.29, "terms": [{"start": 724.96, "end": 727.29, "text": "", "type": "WORD"}]}, {"speaker": {"id": "Pedersen", "name": ""}, "start": 727.81, "end": 729.24, "terms": [{"start": 727.81, "end": 729.24, "text": "", "type": "WORD"}]}, {"speaker": {"id": "Pedersen", "name": ""}, "start": 731.48, "end": 731.97, "terms": [{"start": 731.48, "end": 731.97, "text": "", "type": "WORD"}]}, {"speaker": {"id": "Pedersen", "name": ""}, "start": 732.86, "end": 738.96, "terms": [{"start": 732.86, "end": 738.96, "text": "", "type": "WORD"}]}, {"speaker": {"id": "Pedersen", "name": ""}, "start": 739.39, "end": 740.11, "terms": [{"start": 739.39, "end": 740.11, "text": "", "type": "WORD"}]}, {"speaker": {"id": "Pedersen", "name": ""}, "start": 740.57, "end": 745.59, "terms": [{"start": 740.57, "end": 745.59, "text": "", "type": "WORD"}]}, {"speaker": {"id": "Pedersen", "name": ""}, "start": 746.26, "end": 746.51, "terms": [{"start": 746.26, "end": 746.51, "text": "", "type": "WORD"}]}, {"speaker": {"id": "Pedersen", "name": ""}, "start": 747.7, "end": 752, "terms": [{"start": 747.7, "end": 752, "text": "", "type": "WORD"}]}, {"speaker": {"id": "Pedersen", "name": ""}, "start": 753.99, "end": 761.05, "terms": [{"start": 753.99, "end": 761.05, "text": "", "type": "WORD"}]}, {"speaker": {"id": "Gonzalez", "name": ""}, "start": 763.43, "end": 763.78, "terms": [{"start": 763.43, "end": 763.78, "text": "", "type": "WORD"}]}, {"speaker": {"id": "Herbold", "name": ""}, "start": 766.05, "end": 766.48, "terms": [{"start": 766.05, "end": 766.48, "text": "", "type": "WORD"}]}, {"speaker": {"id": "Morales", "name": ""}, "start": 768.57, "end": 769.08, "terms": [{"start": 768.57, "end": 769.08, "text": "", "type": "WORD"}]}, {"speaker": {"id": "Strauss", "name": ""}, "start": 770.63, "end": 770.96, "terms": [{"start": 770.63, "end": 770.96, "text": "", "type": "WORD"}]}, {"speaker": {"id": "Pedersen", "name": ""}, "start": 772.92, "end": 773.34, "terms": [{"start": 772.92, "end": 773.34, "text": "", "type": "WORD"}]}, {"speaker": {"id": "Pedersen", "name": ""}, "start": 776.7, "end": 786.25, "terms": [{"start": 776.7, "end": 786.25, "text": "", "type": "WORD"}]}, {"speaker": {"id": "Pedersen", "name": ""}, "start": 787.57, "end": 789.46, "terms": [{"start": 787.57, "end": 789.46, "text": "", "type": "WORD"}]}, {"speaker": {"id": "Pedersen", "name": ""}, "start": 790.43, "end": 793.46, "terms": [{"start": 790.43, "end": 793.46, "text": "", "type": "WORD"}]}, {"speaker": {"id": "Pedersen", "name": ""}, "start": 812.53, "end": 818.41, "terms": [{"start": 812.53, "end": 818.41, "text": "", "type": "WORD"}]}, {"speaker": {"id": "Pedersen", "name": ""}, "start": 818.86, "end": 822.84, "terms": [{"start": 818.86, "end": 822.84, "text": "", "type": "WORD"}]}, {"speaker": {"id": "Pedersen", "name": ""}, "start": 823.4, "end": 824.04, "terms": [{"start": 823.4, "end": 824.04, "text": "", "type": "WORD"}]}, {"speaker": {"id": "Pedersen", "name": ""}, "start": 824.34, "end": 825.96, "terms": [{"start": 824.34, "end": 825.96, "text": "", "type": "WORD"}]}, {"speaker": {"id": "Pedersen", "name": ""}, "start": 826.77, "end": 828.97, "terms": [{"start": 826.77, "end": 828.97, "text": "", "type": "WORD"}]}, {"speaker": {"id": "Pedersen", "name": ""}, "start": 829.49, "end": 832.75, "terms": [{"start": 829.49, "end": 832.75, "text": "", "type": "WORD"}]}, {"speaker": {"id": "Pedersen", "name": ""}, "start": 910.51, "end": 919.57, "terms": [{"start": 910.51, "end": 919.57, "text": "", "type": "WORD"}]}, {"speaker": {"id": "Pedersen", "name": ""}, "start": 920.22, "end": 922.5, "terms": [{"start": 920.22, "end": 922.5, "text": "", "type": "WORD"}]}, {"speaker": {"id": "Pedersen", "name": ""}, "start": 923.49, "end": 928.02, "terms": [{"start": 923.49, "end": 928.02, "text": "", "type": "WORD"}]}, {"speaker": {"id": "Pedersen", "name": ""}, "start": 928.66, "end": 929.91, "terms": [{"start": 928.66, "end": 929.91, "text": "", "type": "WORD"}]}, {"speaker": {"id": "Pedersen", "name": ""}, "start": 930.35, "end": 934.71, "terms": [{"start": 930.35, "end": 934.71, "text": "", "type": "WORD"}]}, {"speaker": {"id": "Pedersen", "name": ""}, "start": 935.41, "end": 937.58, "terms": [{"start": 935.41, "end": 937.58, "text": "", "type": "WORD"}]}, {"speaker": {"id": "Pedersen", "name": ""}, "start": 938.25, "end": 941.22, "terms": [{"start": 938.25, "end": 941.22, "text": "", "type": "WORD"}]}, {"speaker": {"id": "Pedersen", "name": ""}, "start": 941.8, "end": 945.77, "terms": [{"start": 941.8, "end": 945.77, "text": "", "type": "WORD"}]}, {"speaker": {"id": "Pedersen", "name": ""}, "start": 946.36, "end": 949.54, "terms": [{"start": 946.36, "end": 949.54, "text": "", "type": "WORD"}]}, {"speaker": {"id": "Pedersen", "name": ""}, "start": 950.08, "end": 950.84, "terms": [{"start": 950.08, "end": 950.84, "text": "", "type": "WORD"}]}, {"speaker": {"id": "Pedersen", "name": ""}, "start": 951.23, "end": 952.07, "terms": [{"start": 951.23, "end": 952.07, "text": "", "type": "WORD"}]}, {"speaker": {"id": "Pedersen", "name": ""}, "start": 952.87, "end": 953.16, "terms": [{"start": 952.87, "end": 953.16, "text": "", "type": "WORD"}]}, {"speaker": {"id": "Pedersen", "name": ""}, "start": 953.67, "end": 956.61, "terms": [{"start": 953.67, "end": 956.61, "text": "", "type": "WORD"}]}, {"speaker": {"id": "Pedersen", "name": ""}, "start": 960.1, "end": 964.19, "terms": [{"start": 960.1, "end": 964.19, "text": "", "type": "WORD"}]}, {"speaker": {"id": "Pedersen", "name": ""}, "start": 965.7, "end": 973.45, "terms": [{"start": 965.7, "end": 973.45, "text": "", "type": "WORD"}]}, {"speaker": {"id": "Pedersen", "name": ""}, "start": 975.14, "end": 980.09, "terms": [{"start": 975.14, "end": 980.09, "text": "", "type": "WORD"}]}, {"speaker": {"id": "Pedersen", "name": ""}, "start": 982.32, "end": 987.61, "terms": [{"start": 982.32, "end": 987.61, "text": "", "type": "WORD"}]}, {"speaker": {"id": "Gonzalez", "name": ""}, "start": 990.34, "end": 990.7, "terms": [{"start": 990.34, "end": 990.7, "text": "", "type": "WORD"}]}, {"speaker": {"id": "Morales", "name": ""}, "start": 996.07, "end": 996.59, "terms": [{"start": 996.07, "end": 996.59, "text": "", "type": "WORD"}]}, {"speaker": {"id": "Strauss", "name": ""}, "start": 998.45, "end": 998.75, "terms": [{"start": 998.45, "end": 998.75, "text": "", "type": "WORD"}]}, {"speaker": {"id": "Pedersen", "name": ""}, "start": 1000.89, "end": 1001.32, "terms": [{"start": 1000.89, "end": 1001.32, "text": "", "type": "WORD"}]}, {"speaker": {"id": "Pedersen", "name": ""}, "start": 1004.75, "end": 1012.59, "terms": [{"start": 1004.75, "end": 1012.59, "text": "", "type": "WORD"}]}, {"speaker": {"id": "Pedersen", "name": ""}, "start": 1013.36, "end": 1019.73, "terms": [{"start": 1013.36, "end": 1019.73, "text": "", "type": "WORD"}]}, {"speaker": {"id": "Pedersen", "name": ""}, "start": 1020.7, "end": 1028.8, "terms": [{"start": 1020.7, "end": 1028.8, "text": "", "type": "WORD"}]}, {"speaker": {"id": "Pedersen", "name": ""}, "start": 1046.77, "end": 1060.41, "terms": [{"start": 1046.77, "end": 1060.41, "text": "", "type": "WORD"}]}, {"speaker": {"id": "Pedersen", "name": ""}, "start": 1061.18, "end": 1063, "terms": [{"start": 1061.18, "end": 1063, "text": "", "type": "WORD"}]}, {"speaker": {"id": "Pedersen", "name": ""}, "start": 1063.73, "end": 1064.16, "terms": [{"start": 1063.73, "end": 1064.16, "text": "", "type": "WORD"}]}, {"speaker": {"id": "Pedersen", "name": ""}, "start": 1175.86, "end": 1191.93, "terms": [{"start": 1175.86, "end": 1191.93, "text": "", "type": "WORD"}]}, {"speaker": {"id": "Pedersen", "name": ""}, "start": 1192.48, "end": 1196.14, "terms": [{"start": 1192.48, "end": 1196.14, "text": "", "type": "WORD"}]}, {"speaker": {"id": "Pedersen", "name": ""}, "start": 1196.55, "end": 1199.93, "terms": [{"start": 1196.55, "end": 1199.93, "text": "", "type": "WORD"}]}, {"speaker": {"id": "Pedersen", "name": ""}, "start": 1200.36, "end": 1206.43, "terms": [{"start": 1200.36, "end": 1206.43, "text": "", "type": "WORD"}]}, {"speaker": {"id": "Pedersen", "name": ""}, "start": 1206.82, "end": 1214.11, "terms": [{"start": 1206.82, "end": 1214.11, "text": "", "type": "WORD"}]}, {"speaker": {"id": "Pedersen", "name": ""}, "start": 1214.75, "end": 1222.05, "terms": [{"start": 1214.75, "end": 1222.05, "text": "", "type": "WORD"}]}, {"speaker": {"id": "Herbold", "name": ""}, "start": 1223.48, "end": 1240.8, "terms": [{"start": 1223.48, "end": 1240.8, "text": "", "type": "WORD"}]}, {"speaker": {"id": "Herbold", "name": ""}, "start": 1241.3, "end": 1268.84, "terms": [{"start": 1241.3, "end": 1268.84, "text": "", "type": "WORD"}]}, {"speaker": {"id": "Herbold", "name": ""}, "start": 1269.43, "end": 1269.84, "terms": [{"start": 1269.43, "end": 1269.84, "text": "", "type": "WORD"}]}, {"speaker": {"id": "Pedersen", "name": ""}, "start": 1272.34, "end": 1273.32, "terms": [{"start": 1272.34, "end": 1273.32, "text": "", "type": "WORD"}]}, {"speaker": {"id": "Pedersen", "name": ""}, "start": 1274.91, "end": 1277.73, "terms": [{"start": 1274.91, "end": 1277.73, "text": "", "type": "WORD"}]}, {"speaker": {"id": "Pedersen", "name": ""}, "start": 1279.98, "end": 1287.82, "terms": [{"start": 1279.98, "end": 1287.82, "text": "", "type": "WORD"}]}, {"speaker": {"id": "Pedersen", "name": ""}, "start": 1290.23, "end": 1294.75, "terms": [{"start": 1290.23, "end": 1294.75, "text": "", "type": "WORD"}]}, {"speaker": {"id": "Pedersen", "name": ""}, "start": 1296.68, "end": 1301.93, "terms": [{"start": 1296.68, "end": 1301.93, "text": "", "type": "WORD"}]}, {"speaker": {"id": "Gonzalez", "name": ""}, "start": 1305.05, "end": 1305.36, "terms": [{"start": 1305.05, "end": 1305.36, "text": "", "type": "WORD"}]}, {"speaker": {"id": "Herbold", "name": ""}, "start": 1307.95, "end": 1308.61, "terms": [{"start": 1307.95, "end": 1308.61, "text": "", "type": "WORD"}]}, {"speaker": {"id": "Morales", "name": ""}, "start": 1310.77, "end": 1311.34, "terms": [{"start": 1310.77, "end": 1311.34, "text": "", "type": "WORD"}]}, {"speaker": {"id": "Strauss", "name": ""}, "start": 1313.43, "end": 1313.91, "terms": [{"start": 1313.43, "end": 1313.91, "text": "", "type": "WORD"}]}, {"speaker": {"id": "Pedersen", "name": ""}, "start": 1316.16, "end": 1316.5, "terms": [{"start": 1316.16, "end": 1316.5, "text": "", "type": "WORD"}]}, {"speaker": {"id": "Pedersen", "name": ""}, "start": 1320.84, "end": 1328.77, "terms": [{"start": 1320.84, "end": 1328.77, "text": "", "type": "WORD"}]}, {"speaker": {"id": "Pedersen", "name": ""}, "start": 1331.73, "end": 1332.41, "terms": [{"start": 1331.73, "end": 1332.41, "text": "", "type": "WORD"}]}, {"speaker": {"id": "Pedersen", "name": ""}, "start": 1333.05, "end": 1336.66, "terms": [{"start": 1333.05, "end": 1336.66, "text": "", "type": "WORD"}]}, {"speaker": {"id": "Pedersen", "name": ""}, "start": 1348.93, "end": 1352.52, "terms": [{"start": 1348.93, "end": 1352.52, "text": "", "type": "WORD"}]}, {"speaker": {"id": "Pedersen", "name": ""}, "start": 1352.98, "end": 1356.45, "terms": [{"start": 1352.98, "end": 1356.45, "text": "", "type": "WORD"}]}, {"speaker": {"id": "Pedersen", "name": ""}, "start": 1356.89, "end": 1358.16, "terms": [{"start": 1356.89, "end": 1358.16, "text": "", "type": "WORD"}]}, {"speaker": {"id": "Pedersen", "name": ""}, "start": 1359.05, "end": 1367.32, "terms": [{"start": 1359.05, "end": 1367.32, "text": "", "type": "WORD"}]}, {"speaker": {"id": "Pedersen", "name": ""}, "start": 1367.84, "end": 1370.93, "terms": [{"start": 1367.84, "end": 1370.93, "text": "", "type": "WORD"}]}, {"speaker": {"id": "Pedersen", "name": ""}, "start": 1371.43, "end": 1377.48, "terms": [{"start": 1371.43, "end": 1377.48, "text": "", "type": "WORD"}]}, {"speaker": {"id": "Pedersen", "name": ""}, "start": 1378.11, "end": 1387.61, "terms": [{"start": 1378.11, "end": 1387.61, "text": "", "type": "WORD"}]}, {"speaker": {"id": "Pedersen", "name": ""}, "start": 1388.2, "end": 1396.16, "terms": [{"start": 1388.2, "end": 1396.16, "text": "", "type": "WORD"}]}, {"speaker": {"id": "Pedersen", "name": ""}, "start": 1396.68, "end": 1401, "terms": [{"start": 1396.68, "end": 1401, "text": "", "type": "WORD"}]}, {"speaker": {"id": "Pedersen", "name": ""}, "start": 1401.68, "end": 1404.64, "terms": [{"start": 1401.68, "end": 1404.64, "text": "", "type": "WORD"}]}, {"speaker": {"id": "Pedersen", "name": ""}, "start": 1405.02, "end": 1407.8, "terms": [{"start": 1405.02, "end": 1407.8, "text": "", "type": "WORD"}]}, {"speaker": {"id": "Pedersen", "name": ""}, "start": 1409.27, "end": 1409.8, "terms": [{"start": 1409.27, "end": 1409.8, "text": "", "type": "WORD"}]}, {"speaker": {"id": "Pedersen", "name": ""}, "start": 1410.32, "end": 1410.61, "terms": [{"start": 1410.32, "end": 1410.61, "text": "", "type": "WORD"}]}, {"speaker": {"id": "Pedersen", "name": ""}, "start": 1411.25, "end": 1421.48, "terms": [{"start": 1411.25, "end": 1421.48, "text": "", "type": "WORD"}]}, {"speaker": {"id": "Pedersen", "name": ""}, "start": 1422.07, "end": 1426.77, "terms": [{"start": 1422.07, "end": 1426.77, "text": "", "type": "WORD"}]}, {"speaker": {"id": "Pedersen", "name": ""}, "start": 1513.55, "end": 1520.57, "terms": [{"start": 1513.55, "end": 1520.57, "text": "", "type": "WORD"}]}, {"speaker": {"id": "Pedersen", "name": ""}, "start": 1524.07, "end": 1527.32, "terms": [{"start": 1524.07, "end": 1527.32, "text": "", "type": "WORD"}]}, {"speaker": {"id": "Pedersen", "name": ""}, "start": 1527.93, "end": 1528.16, "terms": [{"start": 1527.93, "end": 1528.16, "text": "", "type": "WORD"}]}, {"speaker": {"id": "Pedersen", "name": ""}, "start": 1529.86, "end": 1538.25, "terms": [{"start": 1529.86, "end": 1538.25, "text": "", "type": "WORD"}]}, {"speaker": {"id": "Pedersen", "name": ""}, "start": 1538.89, "end": 1540.95, "terms": [{"start": 1538.89, "end": 1540.95, "text": "", "type": "WORD"}]}, {"speaker": {"id": "Pedersen", "name": ""}, "start": 1541.45, "end": 1543.09, "terms": [{"start": 1541.45, "end": 1543.09, "text": "", "type": "WORD"}]}, {"speaker": {"id": "Pedersen", "name": ""}, "start": 1543.61, "end": 1544.14, "terms": [{"start": 1543.61, "end": 1544.14, "text": "", "type": "WORD"}]}, {"speaker": {"id": "Pedersen", "name": ""}, "start": 1544.52, "end": 1545.59, "terms": [{"start": 1544.52, "end": 1545.59, "text": "", "type": "WORD"}]}, {"speaker": {"id": "Pedersen", "name": ""}, "start": 1545.93, "end": 1548.18, "terms": [{"start": 1545.93, "end": 1548.18, "text": "", "type": "WORD"}]}, {"speaker": {"id": "Pedersen", "name": ""}, "start": 1549.02, "end": 1549.32, "terms": [{"start": 1549.02, "end": 1549.32, "text": "", "type": "WORD"}]}, {"speaker": {"id": "Pedersen", "name": ""}, "start": 1550.34, "end": 1559.64, "terms": [{"start": 1550.34, "end": 1559.64, "text": "", "type": "WORD"}]}, {"speaker": {"id": "Herbold", "name": ""}, "start": 1562.73, "end": 1569.91, "terms": [{"start": 1562.73, "end": 1569.91, "text": "", "type": "WORD"}]}, {"speaker": {"id": "Pedersen", "name": ""}, "start": 1571.2, "end": 1574.77, "terms": [{"start": 1571.2, "end": 1574.77, "text": "", "type": "WORD"}]}, {"speaker": {"id": "Pedersen", "name": ""}, "start": 1580.73, "end": 1583.41, "terms": [{"start": 1580.73, "end": 1583.41, "text": "", "type": "WORD"}]}, {"speaker": {"id": "Pedersen", "name": ""}, "start": 1583.8, "end": 1584.09, "terms": [{"start": 1583.8, "end": 1584.09, "text": "", "type": "WORD"}]}, {"speaker": {"id": "Pedersen", "name": ""}, "start": 1584.59, "end": 1584.82, "terms": [{"start": 1584.59, "end": 1584.82, "text": "", "type": "WORD"}]}, {"speaker": {"id": "Pedersen", "name": ""}, "start": 1585.2, "end": 1587.25, "terms": [{"start": 1585.2, "end": 1587.25, "text": "", "type": "WORD"}]}, {"speaker": {"id": "Herbold", "name": ""}, "start": 1588.25, "end": 1593.82, "terms": [{"start": 1588.25, "end": 1593.82, "text": "", "type": "WORD"}]}, {"speaker": {"id": "Herbold", "name": ""}, "start": 1594.2, "end": 1600.7, "terms": [{"start": 1594.2, "end": 1600.7, "text": "", "type": "WORD"}]}, {"speaker": {"id": "Herbold", "name": ""}, "start": 1601.39, "end": 1605.45, "terms": [{"start": 1601.39, "end": 1605.45, "text": "", "type": "WORD"}]}, {"speaker": {"id": "Herbold", "name": ""}, "start": 1605.89, "end": 1608.61, "terms": [{"start": 1605.89, "end": 1608.61, "text": "", "type": "WORD"}]}, {"speaker": {"id": "Herbold", "name": ""}, "start": 1609.48, "end": 1619.02, "terms": [{"start": 1609.48, "end": 1619.02, "text": "", "type": "WORD"}]}, {"speaker": {"id": "Herbold", "name": ""}, "start": 1619.39, "end": 1635.61, "terms": [{"start": 1619.39, "end": 1635.61, "text": "", "type": "WORD"}]}, {"speaker": {"id": "Herbold", "name": ""}, "start": 1635.91, "end": 1637, "terms": [{"start": 1635.91, "end": 1637, "text": "", "type": "WORD"}]}, {"speaker": {"id": "Herbold", "name": ""}, "start": 1665.89, "end": 1668.93, "terms": [{"start": 1665.89, "end": 1668.93, "text": "", "type": "WORD"}]}, {"speaker": {"id": "Herbold", "name": ""}, "start": 1669.25, "end": 1671.36, "terms": [{"start": 1669.25, "end": 1671.36, "text": "", "type": "WORD"}]}, {"speaker": {"id": "Herbold", "name": ""}, "start": 1671.75, "end": 1674.05, "terms": [{"start": 1671.75, "end": 1674.05, "text": "", "type": "WORD"}]}, {"speaker": {"id": "Herbold", "name": ""}, "start": 1675.07, "end": 1676.59, "terms": [{"start": 1675.07, "end": 1676.59, "text": "", "type": "WORD"}]}, {"speaker": {"id": "Herbold", "name": ""}, "start": 1677.43, "end": 1679.11, "terms": [{"start": 1677.43, "end": 1679.11, "text": "", "type": "WORD"}]}, {"speaker": {"id": "Herbold", "name": ""}, "start": 1711.59, "end": 1716.27, "terms": [{"start": 1711.59, "end": 1716.27, "text": "", "type": "WORD"}]}, {"speaker": {"id": "Herbold", "name": ""}, "start": 1716.91, "end": 1719.41, "terms": [{"start": 1716.91, "end": 1719.41, "text": "", "type": "WORD"}]}, {"speaker": {"id": "Herbold", "name": ""}, "start": 1719.84, "end": 1725.77, "terms": [{"start": 1719.84, "end": 1725.77, "text": "", "type": "WORD"}]}, {"speaker": {"id": "Herbold", "name": ""}, "start": 1728.91, "end": 1736.11, "terms": [{"start": 1728.91, "end": 1736.11, "text": "", "type": "WORD"}]}, {"speaker": {"id": "Herbold", "name": ""}, "start": 1736.64, "end": 1737.73, "terms": [{"start": 1736.64, "end": 1737.73, "text": "", "type": "WORD"}]}, {"speaker": {"id": "Herbold", "name": ""}, "start": 1739.43, "end": 1739.77, "terms": [{"start": 1739.43, "end": 1739.77, "text": "", "type": "WORD"}]}, {"speaker": {"id": "Pedersen", "name": ""}, "start": 1744.07, "end": 1760.91, "terms": [{"start": 1744.07, "end": 1760.91, "text": "", "type": "WORD"}]}, {"speaker": {"id": "Pedersen", "name": ""}, "start": 1761.59, "end": 1770.16, "terms": [{"start": 1761.59, "end": 1770.16, "text": "", "type": "WORD"}]}, {"speaker": {"id": "Pedersen", "name": ""}, "start": 1770.89, "end": 1776.82, "terms": [{"start": 1770.89, "end": 1776.82, "text": "", "type": "WORD"}]}, {"speaker": {"id": "Pedersen", "name": ""}, "start": 1777.27, "end": 1779.98, "terms": [{"start": 1777.27, "end": 1779.98, "text": "", "type": "WORD"}]}, {"speaker": {"id": "Pedersen", "name": ""}, "start": 1780.77, "end": 1785.91, "terms": [{"start": 1780.77, "end": 1785.91, "text": "", "type": "WORD"}]}, {"speaker": {"id": "Pedersen", "name": ""}, "start": 1786.25, "end": 1787.82, "terms": [{"start": 1786.25, "end": 1787.82, "text": "", "type": "WORD"}]}, {"speaker": {"id": "Pedersen", "name": ""}, "start": 1788.27, "end": 1789.32, "terms": [{"start": 1788.27, "end": 1789.32, "text": "", "type": "WORD"}]}, {"speaker": {"id": "Pedersen", "name": ""}, "start": 1789.64, "end": 1805.84, "terms": [{"start": 1789.64, "end": 1805.84, "text": "", "type": "WORD"}]}, {"speaker": {"id": "Pedersen", "name": ""}, "start": 1806.25, "end": 1808.34, "terms": [{"start": 1806.25, "end": 1808.34, "text": "", "type": "WORD"}]}, {"speaker": {"id": "Pedersen", "name": ""}, "start": 1808.89, "end": 1814.89, "terms": [{"start": 1808.89, "end": 1814.89, "text": "", "type": "WORD"}]}, {"speaker": {"id": "Pedersen", "name": ""}, "start": 1815.7, "end": 1821.34, "terms": [{"start": 1815.7, "end": 1821.34, "text": "", "type": "WORD"}]}, {"speaker": {"id": "Pedersen", "name": ""}, "start": 1822.14, "end": 1824.68, "terms": [{"start": 1822.14, "end": 1824.68, "text": "", "type": "WORD"}]}, {"speaker": {"id": "Pedersen", "name": ""}, "start": 1825.41, "end": 1826.64, "terms": [{"start": 1825.41, "end": 1826.64, "text": "", "type": "WORD"}]}, {"speaker": {"id": "Pedersen", "name": ""}, "start": 1826.91, "end": 1829.41, "terms": [{"start": 1826.91, "end": 1829.41, "text": "", "type": "WORD"}]}, {"speaker": {"id": "Pedersen", "name": ""}, "start": 1829.95, "end": 1830.84, "terms": [{"start": 1829.95, "end": 1830.84, "text": "", "type": "WORD"}]}, {"speaker": {"id": "Pedersen", "name": ""}, "start": 1831.23, "end": 1834.61, "terms": [{"start": 1831.23, "end": 1834.61, "text": "", "type": "WORD"}]}, {"speaker": {"id": "Pedersen", "name": ""}, "start": 1835.48, "end": 1837.45, "terms": [{"start": 1835.48, "end": 1837.45, "text": "", "type": "WORD"}]}, {"speaker": {"id": "Pedersen", "name": ""}, "start": 1838.32, "end": 1840.93, "terms": [{"start": 1838.32, "end": 1840.93, "text": "", "type": "WORD"}]}, {"speaker": {"id": "Pedersen", "name": ""}, "start": 1861.43, "end": 1865.68, "terms": [{"start": 1861.43, "end": 1865.68, "text": "", "type": "WORD"}]}, {"speaker": {"id": "Pedersen", "name": ""}, "start": 1865.95, "end": 1866.52, "terms": [{"start": 1865.95, "end": 1866.52, "text": "", "type": "WORD"}]}, {"speaker": {"id": "Pedersen", "name": ""}, "start": 1867.02, "end": 1868.16, "terms": [{"start": 1867.02, "end": 1868.16, "text": "", "type": "WORD"}]}, {"speaker": {"id": "Pedersen", "name": ""}, "start": 1868.5, "end": 1868.93, "terms": [{"start": 1868.5, "end": 1868.93, "text": "", "type": "WORD"}]}, {"speaker": {"id": "Pedersen", "name": ""}, "start": 1869.27, "end": 1871.43, "terms": [{"start": 1869.27, "end": 1871.43, "text": "", "type": "WORD"}]}, {"speaker": {"id": "Pedersen", "name": ""}, "start": 1871.84, "end": 1875.95, "terms": [{"start": 1871.84, "end": 1875.95, "text": "", "type": "WORD"}]}, {"speaker": {"id": "Pedersen", "name": ""}, "start": 1876.5, "end": 1877.57, "terms": [{"start": 1876.5, "end": 1877.57, "text": "", "type": "WORD"}]}, {"speaker": {"id": "Pedersen", "name": ""}, "start": 1879.09, "end": 1884.3, "terms": [{"start": 1879.09, "end": 1884.3, "text": "", "type": "WORD"}]}, {"speaker": {"id": "Pedersen", "name": ""}, "start": 1884.93, "end": 1890.2, "terms": [{"start": 1884.93, "end": 1890.2, "text": "", "type": "WORD"}]}, {"speaker": {"id": "Pedersen", "name": ""}, "start": 1890.64, "end": 1891.36, "terms": [{"start": 1890.64, "end": 1891.36, "text": "", "type": "WORD"}]}, {"speaker": {"id": "Pedersen", "name": ""}, "start": 1891.93, "end": 1894.43, "terms": [{"start": 1891.93, "end": 1894.43, "text": "", "type": "WORD"}]}, {"speaker": {"id": "Pedersen", "name": ""}, "start": 1894.91, "end": 1896.27, "terms": [{"start": 1894.91, "end": 1896.27, "text": "", "type": "WORD"}]}, {"speaker": {"id": "Pedersen", "name": ""}, "start": 1897.14, "end": 1898.3, "terms": [{"start": 1897.14, "end": 1898.3, "text": "", "type": "WORD"}]}, {"speaker": {"id": "Pedersen", "name": ""}, "start": 1898.8, "end": 1900.61, "terms": [{"start": 1898.8, "end": 1900.61, "text": "", "type": "WORD"}]}, {"speaker": {"id": "Pedersen", "name": ""}, "start": 1901.84, "end": 1903.89, "terms": [{"start": 1901.84, "end": 1903.89, "text": "", "type": "WORD"}]}, {"speaker": {"id": "Pedersen", "name": ""}, "start": 1906.98, "end": 1907.91, "terms": [{"start": 1906.98, "end": 1907.91, "text": "", "type": "WORD"}]}, {"speaker": {"id": "Herbold", "name": ""}, "start": 1908.57, "end": 1917.5, "terms": [{"start": 1908.57, "end": 1917.5, "text": "", "type": "WORD"}]}, {"speaker": {"id": "Pedersen", "name": ""}, "start": 1918.57, "end": 1919.14, "terms": [{"start": 1918.57, "end": 1919.14, "text": "", "type": "WORD"}]}, {"speaker": {"id": "Gonzalez", "name": ""}, "start": 1921, "end": 1928.23, "terms": [{"start": 1921, "end": 1928.23, "text": "", "type": "WORD"}]}, {"speaker": {"id": "Gonzalez", "name": ""}, "start": 1928.93, "end": 1930.14, "terms": [{"start": 1928.93, "end": 1930.14, "text": "", "type": "WORD"}]}, {"speaker": {"id": "Gonzalez", "name": ""}, "start": 1930.68, "end": 1933.16, "terms": [{"start": 1930.68, "end": 1933.16, "text": "", "type": "WORD"}]}, {"speaker": {"id": "Gonzalez", "name": ""}, "start": 1933.64, "end": 1938.34, "terms": [{"start": 1933.64, "end": 1938.34, "text": "", "type": "WORD"}]}, {"speaker": {"id": "Gonzalez", "name": ""}, "start": 1938.66, "end": 1939.52, "terms": [{"start": 1938.66, "end": 1939.52, "text": "", "type": "WORD"}]}, {"speaker": {"id": "Gonzalez", "name": ""}, "start": 1940.48, "end": 1947.36, "terms": [{"start": 1940.48, "end": 1947.36, "text": "", "type": "WORD"}]}, {"speaker": {"id": "Gonzalez", "name": ""}, "start": 1993.3, "end": 1994.27, "terms": [{"start": 1993.3, "end": 1994.27, "text": "", "type": "WORD"}]}, {"speaker": {"id": "Gonzalez", "name": ""}, "start": 1995.07, "end": 1998.55, "terms": [{"start": 1995.07, "end": 1998.55, "text": "", "type": "WORD"}]}, {"speaker": {"id": "Gonzalez", "name": ""}, "start": 1998.93, "end": 1999.55, "terms": [{"start": 1998.93, "end": 1999.55, "text": "", "type": "WORD"}]}, {"speaker": {"id": "Gonzalez", "name": ""}, "start": 1999.95, "end": 2007.27, "terms": [{"start": 1999.95, "end": 2007.27, "text": "", "type": "WORD"}]}, {"speaker": {"id": "Gonzalez", "name": ""}, "start": 2038, "end": 2043.86, "terms": [{"start": 2038, "end": 2043.86, "text": "", "type": "WORD"}]}, {"speaker": {"id": "Gonzalez", "name": ""}, "start": 2044.66, "end": 2053.18, "terms": [{"start": 2044.66, "end": 2053.18, "text": "", "type": "WORD"}]}, {"speaker": {"id": "Gonzalez", "name": ""}, "start": 2053.86, "end": 2054.34, "terms": [{"start": 2053.86, "end": 2054.34, "text": "", "type": "WORD"}]}, {"speaker": {"id": "Gonzalez", "name": ""}, "start": 2054.93, "end": 2057.09, "terms": [{"start": 2054.93, "end": 2057.09, "text": "", "type": "WORD"}]}, {"speaker": {"id": "Gonzalez", "name": ""}, "start": 2082.57, "end": 2095.5, "terms": [{"start": 2082.57, "end": 2095.5, "text": "", "type": "WORD"}]}, {"speaker": {"id": "Gonzalez", "name": ""}, "start": 2096.61, "end": 2125.11, "terms": [{"start": 2096.61, "end": 2125.11, "text": "", "type": "WORD"}]}, {"speaker": {"id": "Gonzalez", "name": ""}, "start": 2125.55, "end": 2142.89, "terms": [{"start": 2125.55, "end": 2142.89, "text": "", "type": "WORD"}]}, {"speaker": {"id": "Gonzalez", "name": ""}, "start": 2143.41, "end": 2145.34, "terms": [{"start": 2143.41, "end": 2145.34, "text": "", "type": "WORD"}]}, {"speaker": {"id": "Gonzalez", "name": ""}, "start": 2145.86, "end": 2146.39, "terms": [{"start": 2145.86, "end": 2146.39, "text": "", "type": "WORD"}]}, {"speaker": {"id": "Gonzalez", "name": ""}, "start": 2147.41, "end": 2150.32, "terms": [{"start": 2147.41, "end": 2150.32, "text": "", "type": "WORD"}]}, {"speaker": {"id": "Pedersen", "name": ""}, "start": 2156.14, "end": 2160.2, "terms": [{"start": 2156.14, "end": 2160.2, "text": "", "type": "WORD"}]}, {"speaker": {"id": "Herbold", "name": ""}, "start": 2160.86, "end": 2169.61, "terms": [{"start": 2160.86, "end": 2169.61, "text": "", "type": "WORD"}]}, {"speaker": {"id": "Herbold", "name": ""}, "start": 2171.09, "end": 2174.05, "terms": [{"start": 2171.09, "end": 2174.05, "text": "", "type": "WORD"}]}, {"speaker": {"id": "Herbold", "name": ""}, "start": 2175.45, "end": 2178.2, "terms": [{"start": 2175.45, "end": 2178.2, "text": "", "type": "WORD"}]}, {"speaker": {"id": "Herbold", "name": ""}, "start": 2178.68, "end": 2181.11, "terms": [{"start": 2178.68, "end": 2181.11, "text": "", "type": "WORD"}]}, {"speaker": {"id": "Herbold", "name": ""}, "start": 2181.55, "end": 2185, "terms": [{"start": 2181.55, "end": 2185, "text": "", "type": "WORD"}]}, {"speaker": {"id": "Herbold", "name": ""}, "start": 2185.7, "end": 2190, "terms": [{"start": 2185.7, "end": 2190, "text": "", "type": "WORD"}]}, {"speaker": {"id": "Herbold", "name": ""}, "start": 2192.27, "end": 2194.5, "terms": [{"start": 2192.27, "end": 2194.5, "text": "", "type": "WORD"}]}, {"speaker": {"id": "Herbold", "name": ""}, "start": 2195.61, "end": 2197.23, "terms": [{"start": 2195.61, "end": 2197.23, "text": "", "type": "WORD"}]}, {"speaker": {"id": "Herbold", "name": ""}, "start": 2198.2, "end": 2201.41, "terms": [{"start": 2198.2, "end": 2201.41, "text": "", "type": "WORD"}]}, {"speaker": {"id": "Herbold", "name": ""}, "start": 2202.16, "end": 2209.32, "terms": [{"start": 2202.16, "end": 2209.32, "text": "", "type": "WORD"}]}, {"speaker": {"id": "Herbold", "name": ""}, "start": 2209.73, "end": 2224.98, "terms": [{"start": 2209.73, "end": 2224.98, "text": "", "type": "WORD"}]}, {"speaker": {"id": "Herbold", "name": ""}, "start": 2225.73, "end": 2229.09, "terms": [{"start": 2225.73, "end": 2229.09, "text": "", "type": "WORD"}]}, {"speaker": {"id": "Herbold", "name": ""}, "start": 2229.77, "end": 2256.32, "terms": [{"start": 2229.77, "end": 2256.32, "text": "", "type": "WORD"}]}, {"speaker": {"id": "Herbold", "name": ""}, "start": 2312.32, "end": 2314.14, "terms": [{"start": 2312.32, "end": 2314.14, "text": "", "type": "WORD"}]}, {"speaker": {"id": "Herbold", "name": ""}, "start": 2314.59, "end": 2325.48, "terms": [{"start": 2314.59, "end": 2325.48, "text": "", "type": "WORD"}]}, {"speaker": {"id": "Herbold", "name": ""}, "start": 2347.45, "end": 2354.25, "terms": [{"start": 2347.45, "end": 2354.25, "text": "", "type": "WORD"}]}, {"speaker": {"id": "Herbold", "name": ""}, "start": 2354.68, "end": 2359.68, "terms": [{"start": 2354.68, "end": 2359.68, "text": "", "type": "WORD"}]}, {"speaker": {"id": "Herbold", "name": ""}, "start": 2360.16, "end": 2363.25, "terms": [{"start": 2360.16, "end": 2363.25, "text": "", "type": "WORD"}]}, {"speaker": {"id": "Herbold", "name": ""}, "start": 2363.61, "end": 2364.16, "terms": [{"start": 2363.61, "end": 2364.16, "text": "", "type": "WORD"}]}, {"speaker": {"id": "Herbold", "name": ""}, "start": 2364.77, "end": 2368.5, "terms": [{"start": 2364.77, "end": 2368.5, "text": "", "type": "WORD"}]}, {"speaker": {"id": "Herbold", "name": ""}, "start": 2369.2, "end": 2372.64, "terms": [{"start": 2369.2, "end": 2372.64, "text": "", "type": "WORD"}]}, {"speaker": {"id": "Herbold", "name": ""}, "start": 2373.11, "end": 2379.39, "terms": [{"start": 2373.11, "end": 2379.39, "text": "", "type": "WORD"}]}, {"speaker": {"id": "Herbold", "name": ""}, "start": 2379.84, "end": 2384.05, "terms": [{"start": 2379.84, "end": 2384.05, "text": "", "type": "WORD"}]}, {"speaker": {"id": "Herbold", "name": ""}, "start": 2385.3, "end": 2386.61, "terms": [{"start": 2385.3, "end": 2386.61, "text": "", "type": "WORD"}]}, {"speaker": {"id": "Herbold", "name": ""}, "start": 2387.61, "end": 2390.11, "terms": [{"start": 2387.61, "end": 2390.11, "text": "", "type": "WORD"}]}, {"speaker": {"id": "Herbold", "name": ""}, "start": 2390.89, "end": 2392.64, "terms": [{"start": 2390.89, "end": 2392.64, "text": "", "type": "WORD"}]}, {"speaker": {"id": "Herbold", "name": ""}, "start": 2393.23, "end": 2394.25, "terms": [{"start": 2393.23, "end": 2394.25, "text": "", "type": "WORD"}]}, {"speaker": {"id": "Herbold", "name": ""}, "start": 2402.02, "end": 2403, "terms": [{"start": 2402.02, "end": 2403, "text": "", "type": "WORD"}]}, {"speaker": {"id": "Pedersen", "name": ""}, "start": 2407.34, "end": 2412.98, "terms": [{"start": 2407.34, "end": 2412.98, "text": "", "type": "WORD"}]}, {"speaker": {"id": "Pedersen", "name": ""}, "start": 2413.7, "end": 2414.75, "terms": [{"start": 2413.7, "end": 2414.75, "text": "", "type": "WORD"}]}, {"speaker": {"id": "Pedersen", "name": ""}, "start": 2415.25, "end": 2420.27, "terms": [{"start": 2415.25, "end": 2420.27, "text": "", "type": "WORD"}]}, {"speaker": {"id": "Pedersen", "name": ""}, "start": 2421.16, "end": 2439.84, "terms": [{"start": 2421.16, "end": 2439.84, "text": "", "type": "WORD"}]}, {"speaker": {"id": "Pedersen", "name": ""}, "start": 2440.27, "end": 2450.34, "terms": [{"start": 2440.27, "end": 2450.34, "text": "", "type": "WORD"}]}, {"speaker": {"id": "Pedersen", "name": ""}, "start": 2450.84, "end": 2454.07, "terms": [{"start": 2450.84, "end": 2454.07, "text": "", "type": "WORD"}]}, {"speaker": {"id": "Pedersen", "name": ""}, "start": 2455.11, "end": 2456.98, "terms": [{"start": 2455.11, "end": 2456.98, "text": "", "type": "WORD"}]}, {"speaker": {"id": "Pedersen", "name": ""}, "start": 2458, "end": 2460.25, "terms": [{"start": 2458, "end": 2460.25, "text": "", "type": "WORD"}]}, {"speaker": {"id": "Pedersen", "name": ""}, "start": 2460.89, "end": 2465.34, "terms": [{"start": 2460.89, "end": 2465.34, "text": "", "type": "WORD"}]}, {"speaker": {"id": "Pedersen", "name": ""}, "start": 2466.98, "end": 2468, "terms": [{"start": 2466.98, "end": 2468, "text": "", "type": "WORD"}]}, {"speaker": {"id": "Pedersen", "name": ""}, "start": 2468.59, "end": 2470.77, "terms": [{"start": 2468.59, "end": 2470.77, "text": "", "type": "WORD"}]}, {"speaker": {"id": "Pedersen", "name": ""}, "start": 2473.07, "end": 2475.77, "terms": [{"start": 2473.07, "end": 2475.77, "text": "", "type": "WORD"}]}, {"speaker": {"id": "Pedersen", "name": ""}, "start": 2477.09, "end": 2481.73, "terms": [{"start": 2477.09, "end": 2481.73, "text": "", "type": "WORD"}]}, {"speaker": {"id": "Pedersen", "name": ""}, "start": 2505.52, "end": 2512.82, "terms": [{"start": 2505.52, "end": 2512.82, "text": "", "type": "WORD"}]}, {"speaker": {"id": "Pedersen", "name": ""}, "start": 2513.2, "end": 2517.02, "terms": [{"start": 2513.2, "end": 2517.02, "text": "", "type": "WORD"}]}, {"speaker": {"id": "Pedersen", "name": ""}, "start": 2517.48, "end": 2520.57, "terms": [{"start": 2517.48, "end": 2520.57, "text": "", "type": "WORD"}]}, {"speaker": {"id": "Pedersen", "name": ""}, "start": 2521.09, "end": 2523.68, "terms": [{"start": 2521.09, "end": 2523.68, "text": "", "type": "WORD"}]}, {"speaker": {"id": "Pedersen", "name": ""}, "start": 2524.23, "end": 2525.61, "terms": [{"start": 2524.23, "end": 2525.61, "text": "", "type": "WORD"}]}, {"speaker": {"id": "Pedersen", "name": ""}, "start": 2525.93, "end": 2534.66, "terms": [{"start": 2525.93, "end": 2534.66, "text": "", "type": "WORD"}]}, {"speaker": {"id": "Pedersen", "name": ""}, "start": 2535.48, "end": 2537.86, "terms": [{"start": 2535.48, "end": 2537.86, "text": "", "type": "WORD"}]}, {"speaker": {"id": "Pedersen", "name": ""}, "start": 2538.5, "end": 2538.93, "terms": [{"start": 2538.5, "end": 2538.93, "text": "", "type": "WORD"}]}, {"speaker": {"id": "Pedersen", "name": ""}, "start": 2539.5, "end": 2540.59, "terms": [{"start": 2539.5, "end": 2540.59, "text": "", "type": "WORD"}]}, {"speaker": {"id": "Pedersen", "name": ""}, "start": 2541.75, "end": 2545.86, "terms": [{"start": 2541.75, "end": 2545.86, "text": "", "type": "WORD"}]}, {"speaker": {"id": "Pedersen", "name": ""}, "start": 2546.73, "end": 2549.5, "terms": [{"start": 2546.73, "end": 2549.5, "text": "", "type": "WORD"}]}, {"speaker": {"id": "Pedersen", "name": ""}, "start": 2584.27, "end": 2586.57, "terms": [{"start": 2584.27, "end": 2586.57, "text": "", "type": "WORD"}]}, {"speaker": {"id": "Pedersen", "name": ""}, "start": 2587.05, "end": 2595.91, "terms": [{"start": 2587.05, "end": 2595.91, "text": "", "type": "WORD"}]}, {"speaker": {"id": "Pedersen", "name": ""}, "start": 2596.7, "end": 2597.32, "terms": [{"start": 2596.7, "end": 2597.32, "text": "", "type": "WORD"}]}, {"speaker": {"id": "Pedersen", "name": ""}, "start": 2711.52, "end": 2712.02, "terms": [{"start": 2711.52, "end": 2712.02, "text": "", "type": "WORD"}]}, {"speaker": {"id": "Pedersen", "name": ""}, "start": 2732.07, "end": 2732.55, "terms": [{"start": 2732.07, "end": 2732.55, "text": "", "type": "WORD"}]}, {"speaker": {"id": "Pedersen", "name": ""}, "start": 3181.77, "end": 3182.64, "terms": [{"start": 3181.77, "end": 3182.64, "text": "", "type": "WORD"}]}, {"speaker": {"id": "Pedersen", "name": ""}, "start": 3184.75, "end": 3187.14, "terms": [{"start": 3184.75, "end": 3187.14, "text": "", "type": "WORD"}]}, {"speaker": {"id": "Herbold", "name": ""}, "start": 3188.75, "end": 3205.98, "terms": [{"start": 3188.75, "end": 3205.98, "text": "", "type": "WORD"}]}, {"speaker": {"id": "Herbold", "name": ""}, "start": 3207, "end": 3216.52, "terms": [{"start": 3207, "end": 3216.52, "text": "", "type": "WORD"}]}, {"speaker": {"id": "Herbold", "name": ""}, "start": 3217.07, "end": 3235.43, "terms": [{"start": 3217.07, "end": 3235.43, "text": "", "type": "WORD"}]}, {"speaker": {"id": "Herbold", "name": ""}, "start": 3235.86, "end": 3243.84, "terms": [{"start": 3235.86, "end": 3243.84, "text": "", "type": "WORD"}]}, {"speaker": {"id": "Herbold", "name": ""}, "start": 3244.45, "end": 3252, "terms": [{"start": 3244.45, "end": 3252, "text": "", "type": "WORD"}]}, {"speaker": {"id": "Herbold", "name": ""}, "start": 3252.84, "end": 3267.89, "terms": [{"start": 3252.84, "end": 3267.89, "text": "", "type": "WORD"}]}, {"speaker": {"id": "Herbold", "name": ""}, "start": 3268.39, "end": 3274.43, "terms": [{"start": 3268.39, "end": 3274.43, "text": "", "type": "WORD"}]}, {"speaker": {"id": "Herbold", "name": ""}, "start": 3275.14, "end": 3312.02, "terms": [{"start": 3275.14, "end": 3312.02, "text": "", "type": "WORD"}]}, {"speaker": {"id": "Herbold", "name": ""}, "start": 3312.5, "end": 3314.59, "terms": [{"start": 3312.5, "end": 3314.59, "text": "", "type": "WORD"}]}, {"speaker": {"id": "Herbold", "name": ""}, "start": 3315.68, "end": 3318.68, "terms": [{"start": 3315.68, "end": 3318.68, "text": "", "type": "WORD"}]}, {"speaker": {"id": "Herbold", "name": ""}, "start": 3320.64, "end": 3327.5, "terms": [{"start": 3320.64, "end": 3327.5, "text": "", "type": "WORD"}]}, {"speaker": {"id": "Herbold", "name": ""}, "start": 3328.25, "end": 3332.59, "terms": [{"start": 3328.25, "end": 3332.59, "text": "", "type": "WORD"}]}, {"speaker": {"id": "Herbold", "name": ""}, "start": 3462.02, "end": 3462.59, "terms": [{"start": 3462.02, "end": 3462.59, "text": "", "type": "WORD"}]}, {"speaker": {"id": "Pedersen", "name": ""}, "start": 3467.27, "end": 3469.04, "terms": [{"start": 3467.27, "end": 3469.04, "text": "", "type": "WORD"}]}, {"speaker": {"id": "Pedersen", "name": ""}, "start": 3470.23, "end": 3477.36, "terms": [{"start": 3470.23, "end": 3477.36, "text": "", "type": "WORD"}]}, {"speaker": {"id": "Pedersen", "name": ""}, "start": 3478.07, "end": 3478.38, "terms": [{"start": 3478.07, "end": 3478.38, "text": "", "type": "WORD"}]}, {"speaker": {"id": "Pedersen", "name": ""}, "start": 3478.82, "end": 3482.09, "terms": [{"start": 3478.82, "end": 3482.09, "text": "", "type": "WORD"}]}, {"speaker": {"id": "Pedersen", "name": ""}, "start": 3482.52, "end": 3485.64, "terms": [{"start": 3482.52, "end": 3485.64, "text": "", "type": "WORD"}]}, {"speaker": {"id": "Pedersen", "name": ""}, "start": 3487.07, "end": 3490.77, "terms": [{"start": 3487.07, "end": 3490.77, "text": "", "type": "WORD"}]}, {"speaker": {"id": "Pedersen", "name": ""}, "start": 3491.36, "end": 3497.61, "terms": [{"start": 3491.36, "end": 3497.61, "text": "", "type": "WORD"}]}, {"speaker": {"id": "Pedersen", "name": ""}, "start": 3498.43, "end": 3501.57, "terms": [{"start": 3498.43, "end": 3501.57, "text": "", "type": "WORD"}]}, {"speaker": {"id": "Pedersen", "name": ""}, "start": 3502.18, "end": 3505.23, "terms": [{"start": 3502.18, "end": 3505.23, "text": "", "type": "WORD"}]}, {"speaker": {"id": "Pedersen", "name": ""}, "start": 3548.5, "end": 3553.66, "terms": [{"start": 3548.5, "end": 3553.66, "text": "", "type": "WORD"}]}, {"speaker": {"id": "Pedersen", "name": ""}, "start": 3554.04, "end": 3560.04, "terms": [{"start": 3554.04, "end": 3560.04, "text": "", "type": "WORD"}]}, {"speaker": {"id": "Pedersen", "name": ""}, "start": 3560.66, "end": 3567.54, "terms": [{"start": 3560.66, "end": 3567.54, "text": "", "type": "WORD"}]}, {"speaker": {"id": "Pedersen", "name": ""}, "start": 3568.09, "end": 3572.75, "terms": [{"start": 3568.09, "end": 3572.75, "text": "", "type": "WORD"}]}, {"speaker": {"id": "Pedersen", "name": ""}, "start": 3573.48, "end": 3578.18, "terms": [{"start": 3573.48, "end": 3578.18, "text": "", "type": "WORD"}]}, {"speaker": {"id": "Pedersen", "name": ""}, "start": 3578.7, "end": 3584.82, "terms": [{"start": 3578.7, "end": 3584.82, "text": "", "type": "WORD"}]}, {"speaker": {"id": "Pedersen", "name": ""}, "start": 3585.18, "end": 3586.64, "terms": [{"start": 3585.18, "end": 3586.64, "text": "", "type": "WORD"}]}, {"speaker": {"id": "Pedersen", "name": ""}, "start": 3588.48, "end": 3597.95, "terms": [{"start": 3588.48, "end": 3597.95, "text": "", "type": "WORD"}]}, {"speaker": {"id": "Herbold", "name": ""}, "start": 3601.48, "end": 3622.14, "terms": [{"start": 3601.48, "end": 3622.14, "text": "", "type": "WORD"}]}, {"speaker": {"id": "Herbold", "name": ""}, "start": 3622.68, "end": 3628.18, "terms": [{"start": 3622.68, "end": 3628.18, "text": "", "type": "WORD"}]}, {"speaker": {"id": "Herbold", "name": ""}, "start": 3628.77, "end": 3630.89, "terms": [{"start": 3628.77, "end": 3630.89, "text": "", "type": "WORD"}]}, {"speaker": {"id": "Herbold", "name": ""}, "start": 3631.23, "end": 3638.64, "terms": [{"start": 3631.23, "end": 3638.64, "text": "", "type": "WORD"}]}, {"speaker": {"id": "Herbold", "name": ""}, "start": 3645.25, "end": 3648.95, "terms": [{"start": 3645.25, "end": 3648.95, "text": "", "type": "WORD"}]}, {"speaker": {"id": "Herbold", "name": ""}, "start": 3649.34, "end": 3654.36, "terms": [{"start": 3649.34, "end": 3654.36, "text": "", "type": "WORD"}]}, {"speaker": {"id": "Pedersen", "name": ""}, "start": 3659.89, "end": 3661.27, "terms": [{"start": 3659.89, "end": 3661.27, "text": "", "type": "WORD"}]}, {"speaker": {"id": "Pedersen", "name": ""}, "start": 3661.79, "end": 3666.16, "terms": [{"start": 3661.79, "end": 3666.16, "text": "", "type": "WORD"}]}, {"speaker": {"id": "Pedersen", "name": ""}, "start": 3667.73, "end": 3668.75, "terms": [{"start": 3667.73, "end": 3668.75, "text": "", "type": "WORD"}]}, {"speaker": {"id": "Herbold", "name": ""}, "start": 3669.41, "end": 3718.86, "terms": [{"start": 3669.41, "end": 3718.86, "text": "", "type": "WORD"}]}, {"speaker": {"id": "Pedersen", "name": ""}, "start": 3720.66, "end": 3723.27, "terms": [{"start": 3720.66, "end": 3723.27, "text": "", "type": "WORD"}]}, {"speaker": {"id": "Pedersen", "name": ""}, "start": 3724.86, "end": 3728.68, "terms": [{"start": 3724.86, "end": 3728.68, "text": "", "type": "WORD"}]}, {"speaker": {"id": "Pedersen", "name": ""}, "start": 3730, "end": 3736.27, "terms": [{"start": 3730, "end": 3736.27, "text": "", "type": "WORD"}]}, {"speaker": {"id": "Gonzalez", "name": ""}, "start": 3739.64, "end": 3739.86, "terms": [{"start": 3739.64, "end": 3739.86, "text": "", "type": "WORD"}]}, {"speaker": {"id": "Herbold", "name": ""}, "start": 3742.2, "end": 3742.77, "terms": [{"start": 3742.2, "end": 3742.77, "text": "", "type": "WORD"}]}, {"speaker": {"id": "Morales", "name": ""}, "start": 3745.29, "end": 3745.73, "terms": [{"start": 3745.29, "end": 3745.73, "text": "", "type": "WORD"}]}, {"speaker": {"id": "Strauss", "name": ""}, "start": 3748.75, "end": 3749.04, "terms": [{"start": 3748.75, "end": 3749.04, "text": "", "type": "WORD"}]}, {"speaker": {"id": "Pedersen", "name": ""}, "start": 3751.64, "end": 3752.07, "terms": [{"start": 3751.64, "end": 3752.07, "text": "", "type": "WORD"}]}, {"speaker": {"id": "Pedersen", "name": ""}, "start": 3755.95, "end": 3762.16, "terms": [{"start": 3755.95, "end": 3762.16, "text": "", "type": "WORD"}]}, {"speaker": {"id": "Pedersen", "name": ""}, "start": 3764.23, "end": 3766.54, "terms": [{"start": 3764.23, "end": 3766.54, "text": "", "type": "WORD"}]}, {"speaker": {"id": "Pedersen", "name": ""}, "start": 3770.23, "end": 3773.18, "terms": [{"start": 3770.23, "end": 3773.18, "text": "", "type": "WORD"}]}, {"speaker": {"id": "Pedersen", "name": ""}, "start": 3797.29, "end": 3797.75, "terms": [{"start": 3797.29, "end": 3797.75, "text": "", "type": "WORD"}]}, {"speaker": {"id": "Pedersen", "name": ""}, "start": 3799.16, "end": 3799.61, "terms": [{"start": 3799.16, "end": 3799.61, "text": "", "type": "WORD"}]}, {"speaker": {"id": "Pedersen", "name": ""}, "start": 3800.27, "end": 3807.2, "terms": [{"start": 3800.27, "end": 3807.2, "text": "", "type": "WORD"}]}, {"speaker": {"id": "Pedersen", "name": ""}, "start": 3808.07, "end": 3814.95, "terms": [{"start": 3808.07, "end": 3814.95, "text": "", "type": "WORD"}]}, {"speaker": {"id": "Pedersen", "name": ""}, "start": 3815.54, "end": 3824.09, "terms": [{"start": 3815.54, "end": 3824.09, "text": "", "type": "WORD"}]}, {"speaker": {"id": "Pedersen", "name": ""}, "start": 3824.59, "end": 3832.57, "terms": [{"start": 3824.59, "end": 3832.57, "text": "", "type": "WORD"}]}, {"speaker": {"id": "Pedersen", "name": ""}, "start": 3833.18, "end": 3833.61, "terms": [{"start": 3833.18, "end": 3833.61, "text": "", "type": "WORD"}]}, {"speaker": {"id": "Pedersen", "name": ""}, "start": 3834.09, "end": 3841.68, "terms": [{"start": 3834.09, "end": 3841.68, "text": "", "type": "WORD"}]}, {"speaker": {"id": "Pedersen", "name": ""}, "start": 3842.36, "end": 3857.7, "terms": [{"start": 3842.36, "end": 3857.7, "text": "", "type": "WORD"}]}, {"speaker": {"id": "Pedersen", "name": ""}, "start": 3858.14, "end": 3860.09, "terms": [{"start": 3858.14, "end": 3860.09, "text": "", "type": "WORD"}]}, {"speaker": {"id": "Pedersen", "name": ""}, "start": 3860.64, "end": 3861.18, "terms": [{"start": 3860.64, "end": 3861.18, "text": "", "type": "WORD"}]}, {"speaker": {"id": "Pedersen", "name": ""}, "start": 3862.39, "end": 3864.25, "terms": [{"start": 3862.39, "end": 3864.25, "text": "", "type": "WORD"}]}, {"speaker": {"id": "Pedersen", "name": ""}, "start": 3864.64, "end": 3872.86, "terms": [{"start": 3864.64, "end": 3872.86, "text": "", "type": "WORD"}]}, {"speaker": {"id": "Pedersen", "name": ""}, "start": 3873.41, "end": 3878.79, "terms": [{"start": 3873.41, "end": 3878.79, "text": "", "type": "WORD"}]}, {"speaker": {"id": "Pedersen", "name": ""}, "start": 3887.82, "end": 3889.86, "terms": [{"start": 3887.82, "end": 3889.86, "text": "", "type": "WORD"}]}, {"speaker": {"id": "Pedersen", "name": ""}, "start": 3890.29, "end": 3894.11, "terms": [{"start": 3890.29, "end": 3894.11, "text": "", "type": "WORD"}]}, {"speaker": {"id": "Pedersen", "name": ""}, "start": 3894.59, "end": 3899.16, "terms": [{"start": 3894.59, "end": 3899.16, "text": "", "type": "WORD"}]}, {"speaker": {"id": "Pedersen", "name": ""}, "start": 3900.39, "end": 3901.66, "terms": [{"start": 3900.39, "end": 3901.66, "text": "", "type": "WORD"}]}, {"speaker": {"id": "Pedersen", "name": ""}, "start": 3902.02, "end": 3905.48, "terms": [{"start": 3902.02, "end": 3905.48, "text": "", "type": "WORD"}]}, {"speaker": {"id": "Pedersen", "name": ""}, "start": 3905.93, "end": 3906.86, "terms": [{"start": 3905.93, "end": 3906.86, "text": "", "type": "WORD"}]}, {"speaker": {"id": "Pedersen", "name": ""}, "start": 3907.41, "end": 3907.95, "terms": [{"start": 3907.41, "end": 3907.95, "text": "", "type": "WORD"}]}, {"speaker": {"id": "Pedersen", "name": ""}, "start": 3908.25, "end": 3912.27, "terms": [{"start": 3908.25, "end": 3912.27, "text": "", "type": "WORD"}]}, {"speaker": {"id": "Pedersen", "name": ""}, "start": 3913.43, "end": 3922.36, "terms": [{"start": 3913.43, "end": 3922.36, "text": "", "type": "WORD"}]}, {"speaker": {"id": "Pedersen", "name": ""}, "start": 3923.02, "end": 3928.09, "terms": [{"start": 3923.02, "end": 3928.09, "text": "", "type": "WORD"}]}, {"speaker": {"id": "Pedersen", "name": ""}, "start": 3952.79, "end": 3957.75, "terms": [{"start": 3952.79, "end": 3957.75, "text": "", "type": "WORD"}]}, {"speaker": {"id": "Pedersen", "name": ""}, "start": 4196.23, "end": 4197, "terms": [{"start": 4196.23, "end": 4197, "text": "", "type": "WORD"}]}, {"speaker": {"id": "Pedersen", "name": ""}, "start": 4197.84, "end": 4198.2, "terms": [{"start": 4197.84, "end": 4198.2, "text": "", "type": "WORD"}]}, {"speaker": {"id": "Pedersen", "name": ""}, "start": 4198.48, "end": 4199.73, "terms": [{"start": 4198.48, "end": 4199.73, "text": "", "type": "WORD"}]}, {"speaker": {"id": "Pedersen", "name": ""}, "start": 4200.2, "end": 4212.48, "terms": [{"start": 4200.2, "end": 4212.48, "text": "", "type": "WORD"}]}, {"speaker": {"id": "Pedersen", "name": ""}, "start": 4213.5, "end": 4216.16, "terms": [{"start": 4213.5, "end": 4216.16, "text": "", "type": "WORD"}]}, {"speaker": {"id": "Pedersen", "name": ""}, "start": 4218.14, "end": 4218.45, "terms": [{"start": 4218.14, "end": 4218.45, "text": "", "type": "WORD"}]}, {"speaker": {"id": "Pedersen", "name": ""}, "start": 4218.77, "end": 4219.29, "terms": [{"start": 4218.77, "end": 4219.29, "text": "", "type": "WORD"}]}, {"speaker": {"id": "Pedersen", "name": ""}, "start": 4219.7, "end": 4220.09, "terms": [{"start": 4219.7, "end": 4220.09, "text": "", "type": "WORD"}]}, {"speaker": {"id": "Pedersen", "name": ""}, "start": 4220.16, "end": 4224.59, "terms": [{"start": 4220.16, "end": 4224.59, "text": "", "type": "WORD"}]}, {"speaker": {"id": "Pedersen", "name": ""}, "start": 4225, "end": 4225.52, "terms": [{"start": 4225, "end": 4225.52, "text": "", "type": "WORD"}]}, {"speaker": {"id": "Pedersen", "name": ""}, "start": 4226.16, "end": 4228.07, "terms": [{"start": 4226.16, "end": 4228.07, "text": "", "type": "WORD"}]}, {"speaker": {"id": "Pedersen", "name": ""}, "start": 4228.77, "end": 4232.84, "terms": [{"start": 4228.77, "end": 4232.84, "text": "", "type": "WORD"}]}, {"speaker": {"id": "Pedersen", "name": ""}, "start": 4236.95, "end": 4237.5, "terms": [{"start": 4236.95, "end": 4237.5, "text": "", "type": "WORD"}]}, {"speaker": {"id": "Pedersen", "name": ""}, "start": 4239.09, "end": 4241.57, "terms": [{"start": 4239.09, "end": 4241.57, "text": "", "type": "WORD"}]}, {"speaker": {"id": "Pedersen", "name": ""}, "start": 4242.14, "end": 4245.32, "terms": [{"start": 4242.14, "end": 4245.32, "text": "", "type": "WORD"}]}, {"speaker": {"id": "Pedersen", "name": ""}, "start": 4247.64, "end": 4251.02, "terms": [{"start": 4247.64, "end": 4251.02, "text": "", "type": "WORD"}]}, {"speaker": {"id": "Pedersen", "name": ""}, "start": 4251.98, "end": 4253.5, "terms": [{"start": 4251.98, "end": 4253.5, "text": "", "type": "WORD"}]}, {"speaker": {"id": "Pedersen", "name": ""}, "start": 4255.52, "end": 4259.93, "terms": [{"start": 4255.52, "end": 4259.93, "text": "", "type": "WORD"}]}, {"speaker": {"id": "Pedersen", "name": ""}, "start": 4282.77, "end": 4284.23, "terms": [{"start": 4282.77, "end": 4284.23, "text": "", "type": "WORD"}]}, {"speaker": {"id": "Pedersen", "name": ""}, "start": 4285.61, "end": 4291.48, "terms": [{"start": 4285.61, "end": 4291.48, "text": "", "type": "WORD"}]}, {"speaker": {"id": "Pedersen", "name": ""}, "start": 4292.18, "end": 4293.36, "terms": [{"start": 4292.18, "end": 4293.36, "text": "", "type": "WORD"}]}, {"speaker": {"id": "Pedersen", "name": ""}, "start": 4293.73, "end": 4304.29, "terms": [{"start": 4293.73, "end": 4304.29, "text": "", "type": "WORD"}]}, {"speaker": {"id": "Pedersen", "name": ""}, "start": 4304.77, "end": 4309.39, "terms": [{"start": 4304.77, "end": 4309.39, "text": "", "type": "WORD"}]}, {"speaker": {"id": "Pedersen", "name": ""}, "start": 4397.2, "end": 4402.91, "terms": [{"start": 4397.2, "end": 4402.91, "text": "", "type": "WORD"}]}, {"speaker": {"id": "Pedersen", "name": ""}, "start": 4905, "end": 4905.39, "terms": [{"start": 4905, "end": 4905.39, "text": "", "type": "WORD"}]}, {"speaker": {"id": "Pedersen", "name": ""}, "start": 4905.61, "end": 4906.91, "terms": [{"start": 4905.61, "end": 4906.91, "text": "", "type": "WORD"}]}, {"speaker": {"id": "Pedersen", "name": ""}, "start": 4907.14, "end": 4907.93, "terms": [{"start": 4907.14, "end": 4907.93, "text": "", "type": "WORD"}]}, {"speaker": {"id": "Pedersen", "name": ""}, "start": 4908.18, "end": 4914.93, "terms": [{"start": 4908.18, "end": 4914.93, "text": "", "type": "WORD"}]}, {"speaker": {"id": "Pedersen", "name": ""}, "start": 4915.61, "end": 4919.93, "terms": [{"start": 4915.61, "end": 4919.93, "text": "", "type": "WORD"}]}, {"speaker": {"id": "Pedersen", "name": ""}, "start": 4920.41, "end": 4920.66, "terms": [{"start": 4920.41, "end": 4920.66, "text": "", "type": "WORD"}]}, {"speaker": {"id": "Pedersen", "name": ""}, "start": 4921.11, "end": 4921.82, "terms": [{"start": 4921.11, "end": 4921.82, "text": "", "type": "WORD"}]}, {"speaker": {"id": "Pedersen", "name": ""}, "start": 4922.32, "end": 4923.95, "terms": [{"start": 4922.32, "end": 4923.95, "text": "", "type": "WORD"}]}, {"speaker": {"id": "Pedersen", "name": ""}, "start": 4924.36, "end": 4927.82, "terms": [{"start": 4924.36, "end": 4927.82, "text": "", "type": "WORD"}]}, {"speaker": {"id": "Pedersen", "name": ""}, "start": 4928.23, "end": 4928.93, "terms": [{"start": 4928.23, "end": 4928.93, "text": "", "type": "WORD"}]}, {"speaker": {"id": "Pedersen", "name": ""}, "start": 4929.18, "end": 4938.43, "terms": [{"start": 4929.18, "end": 4938.43, "text": "", "type": "WORD"}]}, {"speaker": {"id": "Pedersen", "name": ""}, "start": 4938.82, "end": 4943.5, "terms": [{"start": 4938.82, "end": 4943.5, "text": "", "type": "WORD"}]}, {"speaker": {"id": "Pedersen", "name": ""}, "start": 4944.16, "end": 4946.07, "terms": [{"start": 4944.16, "end": 4946.07, "text": "", "type": "WORD"}]}, {"speaker": {"id": "Pedersen", "name": ""}, "start": 4946.34, "end": 4947.23, "terms": [{"start": 4946.34, "end": 4947.23, "text": "", "type": "WORD"}]}, {"speaker": {"id": "Pedersen", "name": ""}, "start": 4947.91, "end": 4954.18, "terms": [{"start": 4947.91, "end": 4954.18, "text": "", "type": "WORD"}]}, {"speaker": {"id": "Pedersen", "name": ""}, "start": 4955.82, "end": 4959.39, "terms": [{"start": 4955.82, "end": 4959.39, "text": "", "type": "WORD"}]}, {"speaker": {"id": "Pedersen", "name": ""}, "start": 4961.02, "end": 4961.66, "terms": [{"start": 4961.02, "end": 4961.66, "text": "", "type": "WORD"}]}, {"speaker": {"id": "Pedersen", "name": ""}, "start": 4967.29, "end": 4968.43, "terms": [{"start": 4967.29, "end": 4968.43, "text": "", "type": "WORD"}]}, {"speaker": {"id": "Pedersen", "name": ""}, "start": 4969.25, "end": 4971.5, "terms": [{"start": 4969.25, "end": 4971.5, "text": "", "type": "WORD"}]}, {"speaker": {"id": "Pedersen", "name": ""}, "start": 4972.11, "end": 4975.41, "terms": [{"start": 4972.11, "end": 4975.41, "text": "", "type": "WORD"}]}, {"speaker": {"id": "Pedersen", "name": ""}, "start": 4975.77, "end": 4980.48, "terms": [{"start": 4975.77, "end": 4980.48, "text": "", "type": "WORD"}]}, {"speaker": {"id": "Gonzalez", "name": ""}, "start": 4981.2, "end": 4981.53, "terms": [{"start": 4981.2, "end": 4981.53, "text": "", "type": "WORD"}]}, {"speaker": {"id": "Pedersen", "name": ""}, "start": 4982.54, "end": 4985.5, "terms": [{"start": 4982.54, "end": 4985.5, "text": "", "type": "WORD"}]}, {"speaker": {"id": "Pedersen", "name": ""}, "start": 4986.21, "end": 4987.66, "terms": [{"start": 4986.21, "end": 4987.66, "text": "", "type": "WORD"}]}, {"speaker": {"id": "Pedersen", "name": ""}, "start": 4990.25, "end": 4995.11, "terms": [{"start": 4990.25, "end": 4995.11, "text": "", "type": "WORD"}]}, {"speaker": {"id": "Pedersen", "name": ""}, "start": 4995.84, "end": 4996.77, "terms": [{"start": 4995.84, "end": 4996.77, "text": "", "type": "WORD"}]}, {"speaker": {"id": "Pedersen", "name": ""}, "start": 4997.11, "end": 4998.39, "terms": [{"start": 4997.11, "end": 4998.39, "text": "", "type": "WORD"}]}, {"speaker": {"id": "Gonzalez", "name": ""}, "start": 5001.26, "end": 5001.48, "terms": [{"start": 5001.26, "end": 5001.48, "text": "", "type": "WORD"}]}, {"speaker": {"id": "Herbold", "name": ""}, "start": 5008.86, "end": 5009.24, "terms": [{"start": 5008.86, "end": 5009.24, "text": "", "type": "WORD"}]}, {"speaker": {"id": "Morales", "name": ""}, "start": 5012.39, "end": 5012.83, "terms": [{"start": 5012.39, "end": 5012.83, "text": "", "type": "WORD"}]}, {"speaker": {"id": "Strauss", "name": ""}, "start": 5014.86, "end": 5015.25, "terms": [{"start": 5014.86, "end": 5015.25, "text": "", "type": "WORD"}]}, {"speaker": {"id": "Pedersen", "name": ""}, "start": 5017.71, "end": 5018.11, "terms": [{"start": 5017.71, "end": 5018.11, "text": "", "type": "WORD"}]}, {"speaker": {"id": "Pedersen", "name": ""}, "start": 5021.69, "end": 5027.2, "terms": [{"start": 5021.69, "end": 5027.2, "text": "", "type": "WORD"}]}, {"speaker": {"id": "Pedersen", "name": ""}, "start": 5074.68, "end": 5075.16, "terms": [{"start": 5074.68, "end": 5075.16, "text": "", "type": "WORD"}]}, {"speaker": {"id": "Pedersen", "name": ""}, "start": 5076.79, "end": 5077.94, "terms": [{"start": 5076.79, "end": 5077.94, "text": "", "type": "WORD"}]}, {"speaker": {"id": "Pedersen", "name": ""}, "start": 5078.63, "end": 5079.68, "terms": [{"start": 5078.63, "end": 5079.68, "text": "", "type": "WORD"}]}, {"speaker": {"id": "Pedersen", "name": ""}, "start": 5080.55, "end": 5085.98, "terms": [{"start": 5080.55, "end": 5085.98, "text": "", "type": "WORD"}]}, {"speaker": {"id": "Pedersen", "name": ""}, "start": 5086.49, "end": 5090.57, "terms": [{"start": 5086.49, "end": 5090.57, "text": "", "type": "WORD"}]}, {"speaker": {"id": "Pedersen", "name": ""}, "start": 5118.61, "end": 5121.08, "terms": [{"start": 5118.61, "end": 5121.08, "text": "", "type": "WORD"}]}, {"speaker": {"id": "Pedersen", "name": ""}, "start": 5121.4, "end": 5121.82, "terms": [{"start": 5121.4, "end": 5121.82, "text": "", "type": "WORD"}]}, {"speaker": {"id": "Pedersen", "name": ""}, "start": 5122.34, "end": 5123.94, "terms": [{"start": 5122.34, "end": 5123.94, "text": "", "type": "WORD"}]}, {"speaker": {"id": "Pedersen", "name": ""}, "start": 5124.61, "end": 5129.67, "terms": [{"start": 5124.61, "end": 5129.67, "text": "", "type": "WORD"}]}, {"speaker": {"id": "Pedersen", "name": ""}, "start": 5130.31, "end": 5133.43, "terms": [{"start": 5130.31, "end": 5133.43, "text": "", "type": "WORD"}]}, {"speaker": {"id": "Pedersen", "name": ""}, "start": 5133.66, "end": 5138.07, "terms": [{"start": 5133.66, "end": 5138.07, "text": "", "type": "WORD"}]}, {"speaker": {"id": "Pedersen", "name": ""}, "start": 5138.75, "end": 5141.32, "terms": [{"start": 5138.75, "end": 5141.32, "text": "", "type": "WORD"}]}, {"speaker": {"id": "Pedersen", "name": ""}, "start": 5141.74, "end": 5144.57, "terms": [{"start": 5141.74, "end": 5144.57, "text": "", "type": "WORD"}]}, {"speaker": {"id": "Pedersen", "name": ""}, "start": 5144.9, "end": 5147.51, "terms": [{"start": 5144.9, "end": 5147.51, "text": "", "type": "WORD"}]}, {"speaker": {"id": "Pedersen", "name": ""}, "start": 5148.07, "end": 5148.71, "terms": [{"start": 5148.07, "end": 5148.71, "text": "", "type": "WORD"}]}, {"speaker": {"id": "Pedersen", "name": ""}, "start": 5148.94, "end": 5149.84, "terms": [{"start": 5148.94, "end": 5149.84, "text": "", "type": "WORD"}]}, {"speaker": {"id": "Pedersen", "name": ""}, "start": 5150.08, "end": 5150.66, "terms": [{"start": 5150.08, "end": 5150.66, "text": "", "type": "WORD"}]}, {"speaker": {"id": "Pedersen", "name": ""}, "start": 5151.41, "end": 5153.07, "terms": [{"start": 5151.41, "end": 5153.07, "text": "", "type": "WORD"}]}, {"speaker": {"id": "Pedersen", "name": ""}, "start": 5153.5, "end": 5156.94, "terms": [{"start": 5153.5, "end": 5156.94, "text": "", "type": "WORD"}]}, {"speaker": {"id": "Pedersen", "name": ""}, "start": 5157.57, "end": 5160.82, "terms": [{"start": 5157.57, "end": 5160.82, "text": "", "type": "WORD"}]}, {"speaker": {"id": "Pedersen", "name": ""}, "start": 5161.25, "end": 5166.9, "terms": [{"start": 5161.25, "end": 5166.9, "text": "", "type": "WORD"}]}, {"speaker": {"id": "Pedersen", "name": ""}, "start": 5167.46, "end": 5168.97, "terms": [{"start": 5167.46, "end": 5168.97, "text": "", "type": "WORD"}]}, {"speaker": {"id": "Pedersen", "name": ""}, "start": 5169.52, "end": 5170.57, "terms": [{"start": 5169.52, "end": 5170.57, "text": "", "type": "WORD"}]}, {"speaker": {"id": "Pedersen", "name": ""}, "start": 5171.08, "end": 5171.39, "terms": [{"start": 5171.08, "end": 5171.39, "text": "", "type": "WORD"}]}, {"speaker": {"id": "Pedersen", "name": ""}, "start": 5171.55, "end": 5171.89, "terms": [{"start": 5171.55, "end": 5171.89, "text": "", "type": "WORD"}]}, {"speaker": {"id": "Pedersen", "name": ""}, "start": 5172.79, "end": 5176, "terms": [{"start": 5172.79, "end": 5176, "text": "", "type": "WORD"}]}, {"speaker": {"id": "Pedersen", "name": ""}, "start": 5176.42, "end": 5176.71, "terms": [{"start": 5176.42, "end": 5176.71, "text": "", "type": "WORD"}]}, {"speaker": {"id": "Pedersen", "name": ""}, "start": 5176.93, "end": 5179.08, "terms": [{"start": 5176.93, "end": 5179.08, "text": "", "type": "WORD"}]}, {"speaker": {"id": "Pedersen", "name": ""}, "start": 5179.54, "end": 5180.43, "terms": [{"start": 5179.54, "end": 5180.43, "text": "", "type": "WORD"}]}, {"speaker": {"id": "Pedersen", "name": ""}, "start": 5180.91, "end": 5182.8, "terms": [{"start": 5180.91, "end": 5182.8, "text": "", "type": "WORD"}]}, {"speaker": {"id": "Pedersen", "name": ""}, "start": 5191.27, "end": 5191.74, "terms": [{"start": 5191.27, "end": 5191.74, "text": "", "type": "WORD"}]}, {"speaker": {"id": "Pedersen", "name": ""}, "start": 5192.24, "end": 5196.75, "terms": [{"start": 5192.24, "end": 5196.75, "text": "", "type": "WORD"}]}, {"speaker": {"id": "Pedersen", "name": ""}, "start": 5197.51, "end": 5199.87, "terms": [{"start": 5197.51, "end": 5199.87, "text": "", "type": "WORD"}]}, {"speaker": {"id": "Pedersen", "name": ""}, "start": 5200.12, "end": 5203.29, "terms": [{"start": 5200.12, "end": 5203.29, "text": "", "type": "WORD"}]}, {"speaker": {"id": "Pedersen", "name": ""}, "start": 5203.78, "end": 5208.79, "terms": [{"start": 5203.78, "end": 5208.79, "text": "", "type": "WORD"}]}, {"speaker": {"id": "Pedersen", "name": ""}, "start": 5209.93, "end": 5212.89, "terms": [{"start": 5209.93, "end": 5212.89, "text": "", "type": "WORD"}]}, {"speaker": {"id": "Pedersen", "name": ""}, "start": 5213.25, "end": 5214.8, "terms": [{"start": 5213.25, "end": 5214.8, "text": "", "type": "WORD"}]}, {"speaker": {"id": "Pedersen", "name": ""}, "start": 5215.13, "end": 5219.51, "terms": [{"start": 5215.13, "end": 5219.51, "text": "", "type": "WORD"}]}, {"speaker": {"id": "Pedersen", "name": ""}, "start": 5254.06, "end": 5255.83, "terms": [{"start": 5254.06, "end": 5255.83, "text": "", "type": "WORD"}]}, {"speaker": {"id": "Pedersen", "name": ""}, "start": 5256.15, "end": 5256.5, "terms": [{"start": 5256.15, "end": 5256.5, "text": "", "type": "WORD"}]}, {"speaker": {"id": "Pedersen", "name": ""}, "start": 5256.97, "end": 5257.29, "terms": [{"start": 5256.97, "end": 5257.29, "text": "", "type": "WORD"}]}, {"speaker": {"id": "Pedersen", "name": ""}, "start": 6137.97, "end": 6138.99, "terms": [{"start": 6137.97, "end": 6138.99, "text": "", "type": "WORD"}]}, {"speaker": {"id": "Pedersen", "name": ""}, "start": 6139.6, "end": 6141.3, "terms": [{"start": 6139.6, "end": 6141.3, "text": "", "type": "WORD"}]}, {"speaker": {"id": "Pedersen", "name": ""}, "start": 6141.47, "end": 6143.85, "terms": [{"start": 6141.47, "end": 6143.85, "text": "", "type": "WORD"}]}, {"speaker": {"id": "Pedersen", "name": ""}, "start": 6144.18, "end": 6144.96, "terms": [{"start": 6144.18, "end": 6144.96, "text": "", "type": "WORD"}]}, {"speaker": {"id": "Pedersen", "name": ""}, "start": 6145.47, "end": 6148.71, "terms": [{"start": 6145.47, "end": 6148.71, "text": "", "type": "WORD"}]}, {"speaker": {"id": "Pedersen", "name": ""}, "start": 6149.06, "end": 6150.27, "terms": [{"start": 6149.06, "end": 6150.27, "text": "", "type": "WORD"}]}, {"speaker": {"id": "Pedersen", "name": ""}, "start": 6150.91, "end": 6153.35, "terms": [{"start": 6150.91, "end": 6153.35, "text": "", "type": "WORD"}]}, {"speaker": {"id": "Pedersen", "name": ""}, "start": 6154.26, "end": 6156.42, "terms": [{"start": 6154.26, "end": 6156.42, "text": "", "type": "WORD"}]}, {"speaker": {"id": "Pedersen", "name": ""}, "start": 6157.75, "end": 6157.97, "terms": [{"start": 6157.75, "end": 6157.97, "text": "", "type": "WORD"}]}, {"speaker": {"id": "Pedersen", "name": ""}, "start": 6158.35, "end": 6159.86, "terms": [{"start": 6158.35, "end": 6159.86, "text": "", "type": "WORD"}]}, {"speaker": {"id": "Pedersen", "name": ""}, "start": 6290.42, "end": 6292.67, "terms": [{"start": 6290.42, "end": 6292.67, "text": "", "type": "WORD"}]}, {"speaker": {"id": "Pedersen", "name": ""}, "start": 6293, "end": 6293.91, "terms": [{"start": 6293, "end": 6293.91, "text": "", "type": "WORD"}]}, {"speaker": {"id": "Pedersen", "name": ""}, "start": 6294.27, "end": 6294.89, "terms": [{"start": 6294.27, "end": 6294.89, "text": "", "type": "WORD"}]}, {"speaker": {"id": "Pedersen", "name": ""}, "start": 6296.92, "end": 6299.55, "terms": [{"start": 6296.92, "end": 6299.55, "text": "", "type": "WORD"}]}, {"speaker": {"id": "Pedersen", "name": ""}, "start": 6300.17, "end": 6301.32, "terms": [{"start": 6300.17, "end": 6301.32, "text": "", "type": "WORD"}]}, {"speaker": {"id": "Pedersen", "name": ""}, "start": 6303.79, "end": 6304.42, "terms": [{"start": 6303.79, "end": 6304.42, "text": "", "type": "WORD"}]}, {"speaker": {"id": "Pedersen", "name": ""}, "start": 6304.81, "end": 6307.13, "terms": [{"start": 6304.81, "end": 6307.13, "text": "", "type": "WORD"}]}, {"speaker": {"id": "Pedersen", "name": ""}, "start": 6307.41, "end": 6311.01, "terms": [{"start": 6307.41, "end": 6311.01, "text": "", "type": "WORD"}]}, {"speaker": {"id": "Pedersen", "name": ""}, "start": 6311.47, "end": 6312.94, "terms": [{"start": 6311.47, "end": 6312.94, "text": "", "type": "WORD"}]}, {"speaker": {"id": "Pedersen", "name": ""}, "start": 6313.31, "end": 6323.15, "terms": [{"start": 6313.31, "end": 6323.15, "text": "", "type": "WORD"}]}, {"speaker": {"id": "Pedersen", "name": ""}, "start": 6323.7, "end": 6326.33, "terms": [{"start": 6323.7, "end": 6326.33, "text": "", "type": "WORD"}]}, {"speaker": {"id": "Pedersen", "name": ""}, "start": 6327.48, "end": 6331.08, "terms": [{"start": 6327.48, "end": 6331.08, "text": "", "type": "WORD"}]}, {"speaker": {"id": "Pedersen", "name": ""}, "start": 6332, "end": 6335.91, "terms": [{"start": 6332, "end": 6335.91, "text": "", "type": "WORD"}]}, {"speaker": {"id": "Pedersen", "name": ""}, "start": 6336.46, "end": 6338.11, "terms": [{"start": 6336.46, "end": 6338.11, "text": "", "type": "WORD"}]}, {"speaker": {"id": "Pedersen", "name": ""}, "start": 6341.32, "end": 6347, "terms": [{"start": 6341.32, "end": 6347, "text": "", "type": "WORD"}]}, {"speaker": {"id": "Pedersen", "name": ""}, "start": 6348.21, "end": 6352.13, "terms": [{"start": 6348.21, "end": 6352.13, "text": "", "type": "WORD"}]}, {"speaker": {"id": "Pedersen", "name": ""}, "start": 6352.49, "end": 6355.15, "terms": [{"start": 6352.49, "end": 6355.15, "text": "", "type": "WORD"}]}, {"speaker": {"id": "Pedersen", "name": ""}, "start": 6355.44, "end": 6357.39, "terms": [{"start": 6355.44, "end": 6357.39, "text": "", "type": "WORD"}]}, {"speaker": {"id": "Gonzalez", "name": ""}, "start": 6358.18, "end": 6358.43, "terms": [{"start": 6358.18, "end": 6358.43, "text": "", "type": "WORD"}]}, {"speaker": {"id": "Pedersen", "name": ""}, "start": 6359.72, "end": 6360.1, "terms": [{"start": 6359.72, "end": 6360.1, "text": "", "type": "WORD"}]}, {"speaker": {"id": "Pedersen", "name": ""}, "start": 6361.32, "end": 6363.81, "terms": [{"start": 6361.32, "end": 6363.81, "text": "", "type": "WORD"}]}, {"speaker": {"id": "Pedersen", "name": ""}, "start": 6364.53, "end": 6366.53, "terms": [{"start": 6364.53, "end": 6366.53, "text": "", "type": "WORD"}]}, {"speaker": {"id": "Pedersen", "name": ""}, "start": 6366.78, "end": 6368.93, "terms": [{"start": 6366.78, "end": 6368.93, "text": "", "type": "WORD"}]}, {"speaker": {"id": "Gonzalez", "name": ""}, "start": 6371.5, "end": 6371.84, "terms": [{"start": 6371.5, "end": 6371.84, "text": "", "type": "WORD"}]}, {"speaker": {"id": "Herbold", "name": ""}, "start": 6374.08, "end": 6374.57, "terms": [{"start": 6374.08, "end": 6374.57, "text": "", "type": "WORD"}]}, {"speaker": {"id": "Morales", "name": ""}, "start": 6377.12, "end": 6377.65, "terms": [{"start": 6377.12, "end": 6377.65, "text": "", "type": "WORD"}]}, {"speaker": {"id": "Strauss", "name": ""}, "start": 6379.55, "end": 6379.84, "terms": [{"start": 6379.55, "end": 6379.84, "text": "", "type": "WORD"}]}, {"speaker": {"id": "Pedersen", "name": ""}, "start": 6382.4, "end": 6382.82, "terms": [{"start": 6382.4, "end": 6382.82, "text": "", "type": "WORD"}]}, {"speaker": {"id": "Pedersen", "name": ""}, "start": 6386.6, "end": 6389.92, "terms": [{"start": 6386.6, "end": 6389.92, "text": "", "type": "WORD"}]}, {"speaker": {"id": "Pedersen", "name": ""}, "start": 6390.32, "end": 6393.13, "terms": [{"start": 6390.32, "end": 6393.13, "text": "", "type": "WORD"}]}, {"speaker": {"id": "Pedersen", "name": ""}, "start": 6395.27, "end": 6398.17, "terms": [{"start": 6395.27, "end": 6398.17, "text": "", "type": "WORD"}]}, {"speaker": {"id": "Pedersen", "name": ""}, "start": 6401.08, "end": 6401.83, "terms": [{"start": 6401.08, "end": 6401.83, "text": "", "type": "WORD"}]}, {"speaker": {"id": "Pedersen", "name": ""}, "start": 6402.42, "end": 6413.37, "terms": [{"start": 6402.42, "end": 6413.37, "text": "", "type": "WORD"}]}, {"speaker": {"id": "Pedersen", "name": ""}, "start": 6413.85, "end": 6416.57, "terms": [{"start": 6413.85, "end": 6416.57, "text": "", "type": "WORD"}]}]}