{"schemaVersion": "2.0", "monologues": [{"speaker": {"id": "Gonzalez", "name": ""}, "start": 15.39, "end": 25.13, "terms": [{"start": 15.39, "end": 25.13, "text": "", "type": "WORD"}]}, {"speaker": {"id": "Juarez", "name": ""}, "start": 28.39, "end": 28.79, "terms": [{"start": 28.39, "end": 28.79, "text": "", "type": "WORD"}]}, {"speaker": {"id": "Strauss", "name": ""}, "start": 33.34, "end": 33.79, "terms": [{"start": 33.34, "end": 33.79, "text": "", "type": "WORD"}]}, {"speaker": {"id": "Gonzalez", "name": ""}, "start": 40.11, "end": 40.39, "terms": [{"start": 40.11, "end": 40.39, "text": "", "type": "WORD"}]}, {"speaker": {"id": "Gonzalez", "name": ""}, "start": 43.84, "end": 48.85, "terms": [{"start": 43.84, "end": 48.85, "text": "", "type": "WORD"}]}, {"speaker": {"id": "Gonzalez", "name": ""}, "start": 49.78, "end": 52.11, "terms": [{"start": 49.78, "end": 52.11, "text": "", "type": "WORD"}]}, {"speaker": {"id": "Gonzalez", "name": ""}, "start": 52.95, "end": 71.4, "terms": [{"start": 52.95, "end": 71.4, "text": "", "type": "WORD"}]}, {"speaker": {"id": "Gonzalez", "name": ""}, "start": 72.12, "end": 73.87, "terms": [{"start": 72.12, "end": 73.87, "text": "", "type": "WORD"}]}, {"speaker": {"id": "Gonzalez", "name": ""}, "start": 74.59, "end": 122.55, "terms": [{"start": 74.59, "end": 122.55, "text": "", "type": "WORD"}]}, {"speaker": {"id": "Gonzalez", "name": ""}, "start": 123.31, "end": 158.69, "terms": [{"start": 123.31, "end": 158.69, "text": "", "type": "WORD"}]}, {"speaker": {"id": "Gonzalez", "name": ""}, "start": 159.55, "end": 167.18, "terms": [{"start": 159.55, "end": 167.18, "text": "", "type": "WORD"}]}, {"speaker": {"id": "Gonzalez", "name": ""}, "start": 295.84, "end": 304.75, "terms": [{"start": 295.84, "end": 304.75, "text": "", "type": "WORD"}]}, {"speaker": {"id": "Gonzalez", "name": ""}, "start": 310.73, "end": 326.93, "terms": [{"start": 310.73, "end": 326.93, "text": "", "type": "WORD"}]}, {"speaker": {"id": "Gonzalez", "name": ""}, "start": 339.6, "end": 429.48, "terms": [{"start": 339.6, "end": 429.48, "text": "", "type": "WORD"}]}, {"speaker": {"id": "Gonzalez", "name": ""}, "start": 430.34, "end": 465.55, "terms": [{"start": 430.34, "end": 465.55, "text": "", "type": "WORD"}]}, {"speaker": {"id": "Gonzalez", "name": ""}, "start": 467.2, "end": 469.13, "terms": [{"start": 467.2, "end": 469.13, "text": "", "type": "WORD"}]}, {"speaker": {"id": "Gonzalez", "name": ""}, "start": 809.88, "end": 815.24, "terms": [{"start": 809.88, "end": 815.24, "text": "", "type": "WORD"}]}, {"speaker": {"id": "Gonzalez", "name": ""}, "start": 923.82, "end": 930.38, "terms": [{"start": 923.82, "end": 930.38, "text": "", "type": "WORD"}]}, {"speaker": {"id": "Gonzalez", "name": ""}, "start": 931.39, "end": 945.38, "terms": [{"start": 931.39, "end": 945.38, "text": "", "type": "WORD"}]}, {"speaker": {"id": "Gonzalez", "name": ""}, "start": 949.11, "end": 949.97, "terms": [{"start": 949.11, "end": 949.97, "text": "", "type": "WORD"}]}, {"speaker": {"id": "Gonzalez", "name": ""}, "start": 952, "end": 957.97, "terms": [{"start": 952, "end": 957.97, "text": "", "type": "WORD"}]}, {"speaker": {"id": "Gonzalez", "name": ""}, "start": 969.18, "end": 972.78, "terms": [{"start": 969.18, "end": 972.78, "text": "", "type": "WORD"}]}, {"speaker": {"id": "Gonzalez", "name": ""}, "start": 976.06, "end": 979.52, "terms": [{"start": 976.06, "end": 979.52, "text": "", "type": "WORD"}]}, {"speaker": {"id": "Gonzalez", "name": ""}, "start": 985.44, "end": 991.62, "terms": [{"start": 985.44, "end": 991.62, "text": "", "type": "WORD"}]}, {"speaker": {"id": "Gonzalez", "name": ""}, "start": 1060.35, "end": 1061.24, "terms": [{"start": 1060.35, "end": 1061.24, "text": "", "type": "WORD"}]}, {"speaker": {"id": "Gonzalez", "name": ""}, "start": 1393.12, "end": 1440.34, "terms": [{"start": 1393.12, "end": 1440.34, "text": "", "type": "WORD"}]}, {"speaker": {"id": "Herbold", "name": ""}, "start": 1441.87, "end": 1488.68, "terms": [{"start": 1441.87, "end": 1488.68, "text": "", "type": "WORD"}]}, {"speaker": {"id": "Herbold", "name": ""}, "start": 1512.21, "end": 1518.49, "terms": [{"start": 1512.21, "end": 1518.49, "text": "", "type": "WORD"}]}, {"speaker": {"id": "Gonzalez", "name": ""}, "start": 1518.95, "end": 1524.68, "terms": [{"start": 1518.95, "end": 1524.68, "text": "", "type": "WORD"}]}, {"speaker": {"id": "Gonzalez", "name": ""}, "start": 1533.45, "end": 1585.33, "terms": [{"start": 1533.45, "end": 1585.33, "text": "", "type": "WORD"}]}, {"speaker": {"id": "Gonzalez", "name": ""}, "start": 1600.04, "end": 1622.51, "terms": [{"start": 1600.04, "end": 1622.51, "text": "", "type": "WORD"}]}, {"speaker": {"id": "Herbold", "name": ""}, "start": 1622.95, "end": 1689.07, "terms": [{"start": 1622.95, "end": 1689.07, "text": "", "type": "WORD"}]}, {"speaker": {"id": "Herbold", "name": ""}, "start": 1689.65, "end": 1710.39, "terms": [{"start": 1689.65, "end": 1710.39, "text": "", "type": "WORD"}]}, {"speaker": {"id": "Herbold", "name": ""}, "start": 1759.24, "end": 1795.66, "terms": [{"start": 1759.24, "end": 1795.66, "text": "", "type": "WORD"}]}, {"speaker": {"id": "Gonzalez", "name": ""}, "start": 1810.18, "end": 1871.73, "terms": [{"start": 1810.18, "end": 1871.73, "text": "", "type": "WORD"}]}, {"speaker": {"id": "Gonzalez", "name": ""}, "start": 1886.82, "end": 1902.22, "terms": [{"start": 1886.82, "end": 1902.22, "text": "", "type": "WORD"}]}, {"speaker": {"id": "Gonzalez", "name": ""}, "start": 1904.44, "end": 1907.52, "terms": [{"start": 1904.44, "end": 1907.52, "text": "", "type": "WORD"}]}, {"speaker": {"id": "Herbold", "name": ""}, "start": 1909.8, "end": 2000.92, "terms": [{"start": 1909.8, "end": 2000.92, "text": "", "type": "WORD"}]}, {"speaker": {"id": "Gonzalez", "name": ""}, "start": 2036.74, "end": 2044.69, "terms": [{"start": 2036.74, "end": 2044.69, "text": "", "type": "WORD"}]}, {"speaker": {"id": "Strauss", "name": ""}, "start": 2045.11, "end": 2100.58, "terms": [{"start": 2045.11, "end": 2100.58, "text": "", "type": "WORD"}]}, {"speaker": {"id": "Gonzalez", "name": ""}, "start": 2161.94, "end": 2309.07, "terms": [{"start": 2161.94, "end": 2309.07, "text": "", "type": "WORD"}]}, {"speaker": {"id": "Strauss", "name": ""}, "start": 2310.28, "end": 2341.84, "terms": [{"start": 2310.28, "end": 2341.84, "text": "", "type": "WORD"}]}, {"speaker": {"id": "Gonzalez", "name": ""}, "start": 2342.51, "end": 2378.48, "terms": [{"start": 2342.51, "end": 2378.48, "text": "", "type": "WORD"}]}, {"speaker": {"id": "Gonzalez", "name": ""}, "start": 2380.42, "end": 2428.54, "terms": [{"start": 2380.42, "end": 2428.54, "text": "", "type": "WORD"}]}, {"speaker": {"id": "Strauss", "name": ""}, "start": 2429, "end": 2484.78, "terms": [{"start": 2429, "end": 2484.78, "text": "", "type": "WORD"}]}, {"speaker": {"id": "Gonzalez", "name": ""}, "start": 2488.33, "end": 2491.78, "terms": [{"start": 2488.33, "end": 2491.78, "text": "", "type": "WORD"}]}, {"speaker": {"id": "Gonzalez", "name": ""}, "start": 2492.88, "end": 2540.74, "terms": [{"start": 2492.88, "end": 2540.74, "text": "", "type": "WORD"}]}, {"speaker": {"id": "Strauss", "name": ""}, "start": 2544.08, "end": 2549.52, "terms": [{"start": 2544.08, "end": 2549.52, "text": "", "type": "WORD"}]}, {"speaker": {"id": "Gonzalez", "name": ""}, "start": 2550.77, "end": 2612.84, "terms": [{"start": 2550.77, "end": 2612.84, "text": "", "type": "WORD"}]}, {"speaker": {"id": "Strauss", "name": ""}, "start": 2613.38, "end": 2681.74, "terms": [{"start": 2613.38, "end": 2681.74, "text": "", "type": "WORD"}]}, {"speaker": {"id": "Gonzalez", "name": ""}, "start": 2696.07, "end": 2696.77, "terms": [{"start": 2696.07, "end": 2696.77, "text": "", "type": "WORD"}]}, {"speaker": {"id": "Gonzalez", "name": ""}, "start": 2698.27, "end": 2700.38, "terms": [{"start": 2698.27, "end": 2700.38, "text": "", "type": "WORD"}]}, {"speaker": {"id": "Strauss", "name": ""}, "start": 2700.48, "end": 2701.11, "terms": [{"start": 2700.48, "end": 2701.11, "text": "", "type": "WORD"}]}, {"speaker": {"id": "Gonzalez", "name": ""}, "start": 2701.38, "end": 2702.71, "terms": [{"start": 2701.38, "end": 2702.71, "text": "", "type": "WORD"}]}, {"speaker": {"id": "Morales", "name": ""}, "start": 2705.93, "end": 2757.05, "terms": [{"start": 2705.93, "end": 2757.05, "text": "", "type": "WORD"}]}, {"speaker": {"id": "Morales", "name": ""}, "start": 2775.5, "end": 2798.25, "terms": [{"start": 2775.5, "end": 2798.25, "text": "", "type": "WORD"}]}, {"speaker": {"id": "Morales", "name": ""}, "start": 2799.94, "end": 2832.34, "terms": [{"start": 2799.94, "end": 2832.34, "text": "", "type": "WORD"}]}, {"speaker": {"id": "Gonzalez", "name": ""}, "start": 2840.11, "end": 2848.02, "terms": [{"start": 2840.11, "end": 2848.02, "text": "", "type": "WORD"}]}, {"speaker": {"id": "Gonzalez", "name": ""}, "start": 2851.58, "end": 2856.99, "terms": [{"start": 2851.58, "end": 2856.99, "text": "", "type": "WORD"}]}, {"speaker": {"id": "Gonzalez", "name": ""}, "start": 2860.35, "end": 2885.38, "terms": [{"start": 2860.35, "end": 2885.38, "text": "", "type": "WORD"}]}, {"speaker": {"id": "Morales", "name": ""}, "start": 3123.25, "end": 3138.71, "terms": [{"start": 3123.25, "end": 3138.71, "text": "", "type": "WORD"}]}, {"speaker": {"id": "Herbold", "name": ""}, "start": 3139.5, "end": 3288.39, "terms": [{"start": 3139.5, "end": 3288.39, "text": "", "type": "WORD"}]}, {"speaker": {"id": "Gonzalez", "name": ""}, "start": 3298.33, "end": 3333.78, "terms": [{"start": 3298.33, "end": 3333.78, "text": "", "type": "WORD"}]}, {"speaker": {"id": "Juarez", "name": ""}, "start": 3335.2, "end": 3542.71, "terms": [{"start": 3335.2, "end": 3542.71, "text": "", "type": "WORD"}]}, {"speaker": {"id": "Gonzalez", "name": ""}, "start": 3543.15, "end": 3864.52, "terms": [{"start": 3543.15, "end": 3864.52, "text": "", "type": "WORD"}]}, {"speaker": {"id": "Pedersen", "name": ""}, "start": 3866.1, "end": 3956.92, "terms": [{"start": 3866.1, "end": 3956.92, "text": "", "type": "WORD"}]}, {"speaker": {"id": "Gonzalez", "name": ""}, "start": 3958.44, "end": 3968.84, "terms": [{"start": 3958.44, "end": 3968.84, "text": "", "type": "WORD"}]}, {"speaker": {"id": "Pedersen", "name": ""}, "start": 3970.93, "end": 3996.86, "terms": [{"start": 3970.93, "end": 3996.86, "text": "", "type": "WORD"}]}, {"speaker": {"id": "Gonzalez", "name": ""}, "start": 3997.19, "end": 3997.54, "terms": [{"start": 3997.19, "end": 3997.54, "text": "", "type": "WORD"}]}, {"speaker": {"id": "Gonzalez", "name": ""}, "start": 3998.94, "end": 4001.44, "terms": [{"start": 3998.94, "end": 4001.44, "text": "", "type": "WORD"}]}, {"speaker": {"id": "Mosqueda", "name": ""}, "start": 4005.61, "end": 4049.23, "terms": [{"start": 4005.61, "end": 4049.23, "text": "", "type": "WORD"}]}, {"speaker": {"id": "Gonzalez", "name": ""}, "start": 4054.12, "end": 4102.41, "terms": [{"start": 4054.12, "end": 4102.41, "text": "", "type": "WORD"}]}, {"speaker": {"id": "Gonzalez", "name": ""}, "start": 4240.37, "end": 4331.51, "terms": [{"start": 4240.37, "end": 4331.51, "text": "", "type": "WORD"}]}, {"speaker": {"id": "Gonzalez", "name": ""}, "start": 4347.85, "end": 4353.52, "terms": [{"start": 4347.85, "end": 4353.52, "text": "", "type": "WORD"}]}, {"speaker": {"id": "Gonzalez", "name": ""}, "start": 4387.35, "end": 4389.43, "terms": [{"start": 4387.35, "end": 4389.43, "text": "", "type": "WORD"}]}, {"speaker": {"id": "Strauss", "name": ""}, "start": 4393.33, "end": 4427.93, "terms": [{"start": 4393.33, "end": 4427.93, "text": "", "type": "WORD"}]}, {"speaker": {"id": "Gonzalez", "name": ""}, "start": 4429.85, "end": 4440.88, "terms": [{"start": 4429.85, "end": 4440.88, "text": "", "type": "WORD"}]}, {"speaker": {"id": "Strauss", "name": ""}, "start": 4442.25, "end": 4445.66, "terms": [{"start": 4442.25, "end": 4445.66, "text": "", "type": "WORD"}]}, {"speaker": {"id": "Gonzalez", "name": ""}, "start": 4445.66, "end": 4447.27, "terms": [{"start": 4445.66, "end": 4447.27, "text": "", "type": "WORD"}]}, {"speaker": {"id": "Strauss", "name": ""}, "start": 4447.68, "end": 4448.44, "terms": [{"start": 4447.68, "end": 4448.44, "text": "", "type": "WORD"}]}, {"speaker": {"id": "Strauss", "name": ""}, "start": 4449.95, "end": 4479.11, "terms": [{"start": 4449.95, "end": 4479.11, "text": "", "type": "WORD"}]}, {"speaker": {"id": "Gonzalez", "name": ""}, "start": 4480.39, "end": 4557.05, "terms": [{"start": 4480.39, "end": 4557.05, "text": "", "type": "WORD"}]}, {"speaker": {"id": "Strauss", "name": ""}, "start": 4557.65, "end": 4585.34, "terms": [{"start": 4557.65, "end": 4585.34, "text": "", "type": "WORD"}]}, {"speaker": {"id": "Gonzalez", "name": ""}, "start": 4589.17, "end": 4592.61, "terms": [{"start": 4589.17, "end": 4592.61, "text": "", "type": "WORD"}]}, {"speaker": {"id": "Strauss", "name": ""}, "start": 4593.06, "end": 4593.75, "terms": [{"start": 4593.06, "end": 4593.75, "text": "", "type": "WORD"}]}, {"speaker": {"id": "Gonzalez", "name": ""}, "start": 4594.18, "end": 4594.87, "terms": [{"start": 4594.18, "end": 4594.87, "text": "", "type": "WORD"}]}, {"speaker": {"id": "Strauss", "name": ""}, "start": 4595.74, "end": 4596.45, "terms": [{"start": 4595.74, "end": 4596.45, "text": "", "type": "WORD"}]}, {"speaker": {"id": "Gonzalez", "name": ""}, "start": 4596.75, "end": 4628.88, "terms": [{"start": 4596.75, "end": 4628.88, "text": "", "type": "WORD"}]}, {"speaker": {"id": "Herbold", "name": ""}, "start": 4629.19, "end": 4716.72, "terms": [{"start": 4629.19, "end": 4716.72, "text": "", "type": "WORD"}]}, {"speaker": {"id": "Gonzalez", "name": ""}, "start": 4717.18, "end": 4748.19, "terms": [{"start": 4717.18, "end": 4748.19, "text": "", "type": "WORD"}]}, {"speaker": {"id": "Gonzalez", "name": ""}, "start": 4789.95, "end": 4792.31, "terms": [{"start": 4789.95, "end": 4792.31, "text": "", "type": "WORD"}]}, {"speaker": {"id": "Morales", "name": ""}, "start": 4794.26, "end": 4857.55, "terms": [{"start": 4794.26, "end": 4857.55, "text": "", "type": "WORD"}]}, {"speaker": {"id": "Gonzalez", "name": ""}, "start": 4860.91, "end": 4863.7, "terms": [{"start": 4860.91, "end": 4863.7, "text": "", "type": "WORD"}]}, {"speaker": {"id": "Gonzalez", "name": ""}, "start": 4884.45, "end": 4885.61, "terms": [{"start": 4884.45, "end": 4885.61, "text": "", "type": "WORD"}]}, {"speaker": {"id": "Gonzalez", "name": ""}, "start": 4887.84, "end": 4965.83, "terms": [{"start": 4887.84, "end": 4965.83, "text": "", "type": "WORD"}]}, {"speaker": {"id": "Gonzalez", "name": ""}, "start": 5137.41, "end": 5286.36, "terms": [{"start": 5137.41, "end": 5286.36, "text": "", "type": "WORD"}]}, {"speaker": {"id": "Gonzalez", "name": ""}, "start": 5288.74, "end": 5293.04, "terms": [{"start": 5288.74, "end": 5293.04, "text": "", "type": "WORD"}]}, {"speaker": {"id": "Herbold", "name": ""}, "start": 5293.77, "end": 5368.12, "terms": [{"start": 5293.77, "end": 5368.12, "text": "", "type": "WORD"}]}, {"speaker": {"id": "Gonzalez", "name": ""}, "start": 5378.7, "end": 5379.37, "terms": [{"start": 5378.7, "end": 5379.37, "text": "", "type": "WORD"}]}, {"speaker": {"id": "Gonzalez", "name": ""}, "start": 5382.57, "end": 5389.87, "terms": [{"start": 5382.57, "end": 5389.87, "text": "", "type": "WORD"}]}, {"speaker": {"id": "Herbold", "name": ""}, "start": 5499.34, "end": 5525.73, "terms": [{"start": 5499.34, "end": 5525.73, "text": "", "type": "WORD"}]}, {"speaker": {"id": "Gonzalez", "name": ""}, "start": 5535.83, "end": 5612.7, "terms": [{"start": 5535.83, "end": 5612.7, "text": "", "type": "WORD"}]}, {"speaker": {"id": "Gonzalez", "name": ""}, "start": 5614.16, "end": 5687.3, "terms": [{"start": 5614.16, "end": 5687.3, "text": "", "type": "WORD"}]}, {"speaker": {"id": "Gonzalez", "name": ""}, "start": 5693.01, "end": 5696.7, "terms": [{"start": 5693.01, "end": 5696.7, "text": "", "type": "WORD"}]}, {"speaker": {"id": "Gonzalez", "name": ""}, "start": 5699.14, "end": 5703.51, "terms": [{"start": 5699.14, "end": 5703.51, "text": "", "type": "WORD"}]}, {"speaker": {"id": "Gonzalez", "name": ""}, "start": 5801.64, "end": 5804.72, "terms": [{"start": 5801.64, "end": 5804.72, "text": "", "type": "WORD"}]}, {"speaker": {"id": "Strauss", "name": ""}, "start": 5806.66, "end": 5842.07, "terms": [{"start": 5806.66, "end": 5842.07, "text": "", "type": "WORD"}]}, {"speaker": {"id": "Strauss", "name": ""}, "start": 5845.48, "end": 5845.88, "terms": [{"start": 5845.48, "end": 5845.88, "text": "", "type": "WORD"}]}, {"speaker": {"id": "Strauss", "name": ""}, "start": 5909.52, "end": 5918.28, "terms": [{"start": 5909.52, "end": 5918.28, "text": "", "type": "WORD"}]}, {"speaker": {"id": "Strauss", "name": ""}, "start": 5949.1, "end": 6319.67, "terms": [{"start": 5949.1, "end": 6319.67, "text": "", "type": "WORD"}]}, {"speaker": {"id": "Gonzalez", "name": ""}, "start": 6323.68, "end": 6324.88, "terms": [{"start": 6323.68, "end": 6324.88, "text": "", "type": "WORD"}]}, {"speaker": {"id": "Gonzalez", "name": ""}, "start": 6326.28, "end": 6383.13, "terms": [{"start": 6326.28, "end": 6383.13, "text": "", "type": "WORD"}]}, {"speaker": {"id": "Herbold", "name": ""}, "start": 6383.59, "end": 6546.14, "terms": [{"start": 6383.59, "end": 6546.14, "text": "", "type": "WORD"}]}, {"speaker": {"id": "Gonzalez", "name": ""}, "start": 6549.56, "end": 6554.01, "terms": [{"start": 6549.56, "end": 6554.01, "text": "", "type": "WORD"}]}, {"speaker": {"id": "Gonzalez", "name": ""}, "start": 6555.2, "end": 6574.36, "terms": [{"start": 6555.2, "end": 6574.36, "text": "", "type": "WORD"}]}, {"speaker": {"id": "Herbold", "name": ""}, "start": 6574.59, "end": 6576.53, "terms": [{"start": 6574.59, "end": 6576.53, "text": "", "type": "WORD"}]}, {"speaker": {"id": "Gonzalez", "name": ""}, "start": 6578.67, "end": 6580.04, "terms": [{"start": 6578.67, "end": 6580.04, "text": "", "type": "WORD"}]}, {"speaker": {"id": "Herbold", "name": ""}, "start": 6736.93, "end": 6788.81, "terms": [{"start": 6736.93, "end": 6788.81, "text": "", "type": "WORD"}]}, {"speaker": {"id": "Herbold", "name": ""}, "start": 6815.81, "end": 6819.2, "terms": [{"start": 6815.81, "end": 6819.2, "text": "", "type": "WORD"}]}, {"speaker": {"id": "Gonzalez", "name": ""}, "start": 6819.49, "end": 6820.43, "terms": [{"start": 6819.49, "end": 6820.43, "text": "", "type": "WORD"}]}, {"speaker": {"id": "Herbold", "name": ""}, "start": 6821.65, "end": 6904.61, "terms": [{"start": 6821.65, "end": 6904.61, "text": "", "type": "WORD"}]}, {"speaker": {"id": "Gonzalez", "name": ""}, "start": 6906.36, "end": 7119.43, "terms": [{"start": 6906.36, "end": 7119.43, "text": "", "type": "WORD"}]}, {"speaker": {"id": "Herbold", "name": ""}, "start": 7120.23, "end": 7154.46, "terms": [{"start": 7120.23, "end": 7154.46, "text": "", "type": "WORD"}]}, {"speaker": {"id": "Gonzalez", "name": ""}, "start": 7155.34, "end": 7156.97, "terms": [{"start": 7155.34, "end": 7156.97, "text": "", "type": "WORD"}]}, {"speaker": {"id": "Gonzalez", "name": ""}, "start": 7158.01, "end": 7173.06, "terms": [{"start": 7158.01, "end": 7173.06, "text": "", "type": "WORD"}]}, {"speaker": {"id": "Gonzalez", "name": ""}, "start": 7175.78, "end": 7178.17, "terms": [{"start": 7175.78, "end": 7178.17, "text": "", "type": "WORD"}]}, {"speaker": {"id": "Strauss", "name": ""}, "start": 7178.29, "end": 7199.5, "terms": [{"start": 7178.29, "end": 7199.5, "text": "", "type": "WORD"}]}, {"speaker": {"id": "Gonzalez", "name": ""}, "start": 7200.04, "end": 7337.79, "terms": [{"start": 7200.04, "end": 7337.79, "text": "", "type": "WORD"}]}]}