{"schemaVersion": "2.0", "monologues": [{"speaker": {"id": "Herbold", "name": ""}, "start": 14.15, "end": 34.2, "terms": [{"start": 14.15, "end": 34.2, "text": "", "type": "WORD"}]}, {"speaker": {"id": "Gonzalez", "name": ""}, "start": 36.6, "end": 37.1, "terms": [{"start": 36.6, "end": 37.1, "text": "", "type": "WORD"}]}, {"speaker": {"id": "Lewis", "name": ""}, "start": 39.1, "end": 39.65, "terms": [{"start": 39.1, "end": 39.65, "text": "", "type": "WORD"}]}, {"speaker": {"id": "Pedersen", "name": ""}, "start": 45.4, "end": 46, "terms": [{"start": 45.4, "end": 46, "text": "", "type": "WORD"}]}, {"speaker": {"id": "Herbold", "name": ""}, "start": 50.25, "end": 88.06, "terms": [{"start": 50.25, "end": 88.06, "text": "", "type": "WORD"}]}, {"speaker": {"id": "Herbold", "name": ""}, "start": 89.69, "end": 107.13, "terms": [{"start": 89.69, "end": 107.13, "text": "", "type": "WORD"}]}, {"speaker": {"id": "Herbold", "name": ""}, "start": 107.75, "end": 128.5, "terms": [{"start": 107.75, "end": 128.5, "text": "", "type": "WORD"}]}, {"speaker": {"id": "Herbold", "name": ""}, "start": 128.81, "end": 169.44, "terms": [{"start": 128.81, "end": 169.44, "text": "", "type": "WORD"}]}, {"speaker": {"id": "Herbold", "name": ""}, "start": 170.63, "end": 185.25, "terms": [{"start": 170.63, "end": 185.25, "text": "", "type": "WORD"}]}, {"speaker": {"id": "Herbold", "name": ""}, "start": 312.94, "end": 338.56, "terms": [{"start": 312.94, "end": 338.56, "text": "", "type": "WORD"}]}, {"speaker": {"id": "Herbold", "name": ""}, "start": 340.19, "end": 344.69, "terms": [{"start": 340.19, "end": 344.69, "text": "", "type": "WORD"}]}, {"speaker": {"id": "Herbold", "name": ""}, "start": 346.56, "end": 360.38, "terms": [{"start": 346.56, "end": 360.38, "text": "", "type": "WORD"}]}, {"speaker": {"id": "Herbold", "name": ""}, "start": 384.69, "end": 400.13, "terms": [{"start": 384.69, "end": 400.13, "text": "", "type": "WORD"}]}, {"speaker": {"id": "Herbold", "name": ""}, "start": 403.06, "end": 404.44, "terms": [{"start": 403.06, "end": 404.44, "text": "", "type": "WORD"}]}, {"speaker": {"id": "Herbold", "name": ""}, "start": 409.31, "end": 410.13, "terms": [{"start": 409.31, "end": 410.13, "text": "", "type": "WORD"}]}, {"speaker": {"id": "Herbold", "name": ""}, "start": 414.63, "end": 415.38, "terms": [{"start": 414.63, "end": 415.38, "text": "", "type": "WORD"}]}, {"speaker": {"id": "Herbold", "name": ""}, "start": 424.25, "end": 428.88, "terms": [{"start": 424.25, "end": 428.88, "text": "", "type": "WORD"}]}, {"speaker": {"id": "Herbold", "name": ""}, "start": 429.5, "end": 438.75, "terms": [{"start": 429.5, "end": 438.75, "text": "", "type": "WORD"}]}, {"speaker": {"id": "Herbold", "name": ""}, "start": 439.13, "end": 455.63, "terms": [{"start": 439.13, "end": 455.63, "text": "", "type": "WORD"}]}, {"speaker": {"id": "Herbold", "name": ""}, "start": 455.94, "end": 458.44, "terms": [{"start": 455.94, "end": 458.44, "text": "", "type": "WORD"}]}, {"speaker": {"id": "Herbold", "name": ""}, "start": 525.06, "end": 531.19, "terms": [{"start": 525.06, "end": 531.19, "text": "", "type": "WORD"}]}, {"speaker": {"id": "Herbold", "name": ""}, "start": 532.19, "end": 540.88, "terms": [{"start": 532.19, "end": 540.88, "text": "", "type": "WORD"}]}, {"speaker": {"id": "Herbold", "name": ""}, "start": 541.13, "end": 577.88, "terms": [{"start": 541.13, "end": 577.88, "text": "", "type": "WORD"}]}, {"speaker": {"id": "Herbold", "name": ""}, "start": 678.56, "end": 756.38, "terms": [{"start": 678.56, "end": 756.38, "text": "", "type": "WORD"}]}, {"speaker": {"id": "Herbold", "name": ""}, "start": 876.31, "end": 908.63, "terms": [{"start": 876.31, "end": 908.63, "text": "", "type": "WORD"}]}, {"speaker": {"id": "Herbold", "name": ""}, "start": 986.44, "end": 999.19, "terms": [{"start": 986.44, "end": 999.19, "text": "", "type": "WORD"}]}, {"speaker": {"id": "Herbold", "name": ""}, "start": 999.56, "end": 1028.81, "terms": [{"start": 999.56, "end": 1028.81, "text": "", "type": "WORD"}]}, {"speaker": {"id": "Herbold", "name": ""}, "start": 1030.25, "end": 1037, "terms": [{"start": 1030.25, "end": 1037, "text": "", "type": "WORD"}]}, {"speaker": {"id": "Gonzalez", "name": ""}, "start": 1037.65, "end": 1038.03, "terms": [{"start": 1037.65, "end": 1038.03, "text": "", "type": "WORD"}]}, {"speaker": {"id": "Herbold", "name": ""}, "start": 1039.5, "end": 1042.69, "terms": [{"start": 1039.5, "end": 1042.69, "text": "", "type": "WORD"}]}, {"speaker": {"id": "Herbold", "name": ""}, "start": 1045.13, "end": 1051.38, "terms": [{"start": 1045.13, "end": 1051.38, "text": "", "type": "WORD"}]}, {"speaker": {"id": "Gonzalez", "name": ""}, "start": 1054.06, "end": 1054.63, "terms": [{"start": 1054.06, "end": 1054.63, "text": "", "type": "WORD"}]}, {"speaker": {"id": "Lewis", "name": ""}, "start": 1056.95, "end": 1057.44, "terms": [{"start": 1056.95, "end": 1057.44, "text": "", "type": "WORD"}]}, {"speaker": {"id": "Pedersen", "name": ""}, "start": 1059.44, "end": 1059.91, "terms": [{"start": 1059.44, "end": 1059.91, "text": "", "type": "WORD"}]}, {"speaker": {"id": "Herbold", "name": ""}, "start": 1061.58, "end": 1062.23, "terms": [{"start": 1061.58, "end": 1062.23, "text": "", "type": "WORD"}]}, {"speaker": {"id": "Herbold", "name": ""}, "start": 1063.84, "end": 1070.59, "terms": [{"start": 1063.84, "end": 1070.59, "text": "", "type": "WORD"}]}, {"speaker": {"id": "Herbold", "name": ""}, "start": 1110.62, "end": 1125.06, "terms": [{"start": 1110.62, "end": 1125.06, "text": "", "type": "WORD"}]}, {"speaker": {"id": "Herbold", "name": ""}, "start": 1146.34, "end": 1149.01, "terms": [{"start": 1146.34, "end": 1149.01, "text": "", "type": "WORD"}]}, {"speaker": {"id": "Herbold", "name": ""}, "start": 1590.62, "end": 1611.67, "terms": [{"start": 1590.62, "end": 1611.67, "text": "", "type": "WORD"}]}, {"speaker": {"id": "Herbold", "name": ""}, "start": 1675.95, "end": 1717.79, "terms": [{"start": 1675.95, "end": 1717.79, "text": "", "type": "WORD"}]}, {"speaker": {"id": "Herbold", "name": ""}, "start": 1719.23, "end": 1719.33, "terms": [{"start": 1719.23, "end": 1719.33, "text": "", "type": "WORD"}]}, {"speaker": {"id": "Gonzalez", "name": ""}, "start": 1721.06, "end": 1729.62, "terms": [{"start": 1721.06, "end": 1729.62, "text": "", "type": "WORD"}]}, {"speaker": {"id": "Gonzalez", "name": ""}, "start": 1730.17, "end": 1785.45, "terms": [{"start": 1730.17, "end": 1785.45, "text": "", "type": "WORD"}]}, {"speaker": {"id": "Herbold", "name": ""}, "start": 1785.79, "end": 1786.62, "terms": [{"start": 1785.79, "end": 1786.62, "text": "", "type": "WORD"}]}, {"speaker": {"id": "Herbold", "name": ""}, "start": 1788.62, "end": 1810.95, "terms": [{"start": 1788.62, "end": 1810.95, "text": "", "type": "WORD"}]}, {"speaker": {"id": "Gonzalez", "name": ""}, "start": 1811.64, "end": 1812.02, "terms": [{"start": 1811.64, "end": 1812.02, "text": "", "type": "WORD"}]}, {"speaker": {"id": "Herbold", "name": ""}, "start": 1813.34, "end": 1816.54, "terms": [{"start": 1813.34, "end": 1816.54, "text": "", "type": "WORD"}]}, {"speaker": {"id": "Herbold", "name": ""}, "start": 1818.94, "end": 1823.64, "terms": [{"start": 1818.94, "end": 1823.64, "text": "", "type": "WORD"}]}, {"speaker": {"id": "Gonzalez", "name": ""}, "start": 1825.95, "end": 1826.23, "terms": [{"start": 1825.95, "end": 1826.23, "text": "", "type": "WORD"}]}, {"speaker": {"id": "Lewis", "name": ""}, "start": 1828.07, "end": 1828.48, "terms": [{"start": 1828.07, "end": 1828.48, "text": "", "type": "WORD"}]}, {"speaker": {"id": "Pedersen", "name": ""}, "start": 1830.67, "end": 1831.08, "terms": [{"start": 1830.67, "end": 1831.08, "text": "", "type": "WORD"}]}, {"speaker": {"id": "Herbold", "name": ""}, "start": 1832.65, "end": 1833.25, "terms": [{"start": 1832.65, "end": 1833.25, "text": "", "type": "WORD"}]}, {"speaker": {"id": "Herbold", "name": ""}, "start": 1835.34, "end": 1836.78, "terms": [{"start": 1835.34, "end": 1836.78, "text": "", "type": "WORD"}]}, {"speaker": {"id": "Herbold", "name": ""}, "start": 1839.73, "end": 1845.23, "terms": [{"start": 1839.73, "end": 1845.23, "text": "", "type": "WORD"}]}, {"speaker": {"id": "Herbold", "name": ""}, "start": 1891.23, "end": 1899.1, "terms": [{"start": 1891.23, "end": 1899.1, "text": "", "type": "WORD"}]}, {"speaker": {"id": "Herbold", "name": ""}, "start": 1925.43, "end": 1928.15, "terms": [{"start": 1925.43, "end": 1928.15, "text": "", "type": "WORD"}]}, {"speaker": {"id": "Herbold", "name": ""}, "start": 1933.31, "end": 1936.22, "terms": [{"start": 1933.31, "end": 1936.22, "text": "", "type": "WORD"}]}, {"speaker": {"id": "Herbold", "name": ""}, "start": 2077.57, "end": 2084.57, "terms": [{"start": 2077.57, "end": 2084.57, "text": "", "type": "WORD"}]}, {"speaker": {"id": "Herbold", "name": ""}, "start": 2727.2, "end": 2750.48, "terms": [{"start": 2727.2, "end": 2750.48, "text": "", "type": "WORD"}]}, {"speaker": {"id": "Herbold", "name": ""}, "start": 2752.04, "end": 2791.33, "terms": [{"start": 2752.04, "end": 2791.33, "text": "", "type": "WORD"}]}, {"speaker": {"id": "Herbold", "name": ""}, "start": 2844.01, "end": 2859.87, "terms": [{"start": 2844.01, "end": 2859.87, "text": "", "type": "WORD"}]}, {"speaker": {"id": "Herbold", "name": ""}, "start": 2912.62, "end": 2919.57, "terms": [{"start": 2912.62, "end": 2919.57, "text": "", "type": "WORD"}]}, {"speaker": {"id": "Herbold", "name": ""}, "start": 2922.68, "end": 2926.12, "terms": [{"start": 2922.68, "end": 2926.12, "text": "", "type": "WORD"}]}, {"speaker": {"id": "Herbold", "name": ""}, "start": 2928.29, "end": 2944.57, "terms": [{"start": 2928.29, "end": 2944.57, "text": "", "type": "WORD"}]}, {"speaker": {"id": "Herbold", "name": ""}, "start": 2945.62, "end": 2984.96, "terms": [{"start": 2945.62, "end": 2984.96, "text": "", "type": "WORD"}]}, {"speaker": {"id": "Herbold", "name": ""}, "start": 2999.85, "end": 3015.9, "terms": [{"start": 2999.85, "end": 3015.9, "text": "", "type": "WORD"}]}, {"speaker": {"id": "Gonzalez", "name": ""}, "start": 3016.57, "end": 3017.01, "terms": [{"start": 3016.57, "end": 3017.01, "text": "", "type": "WORD"}]}, {"speaker": {"id": "Herbold", "name": ""}, "start": 3018.51, "end": 3021.96, "terms": [{"start": 3018.51, "end": 3021.96, "text": "", "type": "WORD"}]}, {"speaker": {"id": "Herbold", "name": ""}, "start": 3025.07, "end": 3029.24, "terms": [{"start": 3025.07, "end": 3029.24, "text": "", "type": "WORD"}]}, {"speaker": {"id": "Gonzalez", "name": ""}, "start": 3031.64, "end": 3031.9, "terms": [{"start": 3031.64, "end": 3031.9, "text": "", "type": "WORD"}]}, {"speaker": {"id": "Lewis", "name": ""}, "start": 3034.06, "end": 3034.38, "terms": [{"start": 3034.06, "end": 3034.38, "text": "", "type": "WORD"}]}, {"speaker": {"id": "Pedersen", "name": ""}, "start": 3036.7, "end": 3037.1, "terms": [{"start": 3036.7, "end": 3037.1, "text": "", "type": "WORD"}]}, {"speaker": {"id": "Herbold", "name": ""}, "start": 3038.57, "end": 3039.11, "terms": [{"start": 3038.57, "end": 3039.11, "text": "", "type": "WORD"}]}, {"speaker": {"id": "Herbold", "name": ""}, "start": 3040.63, "end": 3105.86, "terms": [{"start": 3040.63, "end": 3105.86, "text": "", "type": "WORD"}]}, {"speaker": {"id": "Herbold", "name": ""}, "start": 3108.15, "end": 3112.01, "terms": [{"start": 3108.15, "end": 3112.01, "text": "", "type": "WORD"}]}, {"speaker": {"id": "Herbold", "name": ""}, "start": 3113.63, "end": 3120.05, "terms": [{"start": 3113.63, "end": 3120.05, "text": "", "type": "WORD"}]}]}